<?xml version="1.0" encoding="UTF-8"?>
<manifest identifier="g732a126f9190dd7746ed8807e953fe23" xmlns="http://www.imsglobal.org/xsd/imsccv1p3/imscp_v1p1" xmlns:lom="http://ltsc.ieee.org/xsd/imsccv1p3/LOM/resource" xmlns:lomimscc="http://ltsc.ieee.org/xsd/imsccv1p3/LOM/manifest" xmlns:cpx="http://www.imsglobal.org/xsd/imsccv1p3/imscp_extensionv1p2" xmlns:xsi="http://www.w3.org/2001/XMLSchema-instance" xsi:schemaLocation="http://ltsc.ieee.org/xsd/imsccv1p3/LOM/resource http://www.imsglobal.org/profile/cc/ccv1p3/LOM/ccv1p3_lomresource_v1p0.xsd http://www.imsglobal.org/xsd/imsccv1p3/imscp_v1p1 http://www.imsglobal.org/profile/cc/ccv1p3/ccv1p3_imscp_v1p2_v1p0.xsd http://ltsc.ieee.org/xsd/imsccv1p3/LOM/manifest http://www.imsglobal.org/profile/cc/ccv1p3/LOM/ccv1p3_lommanifest_v1p0.xsd http://www.imsglobal.org/xsd/imsccv1p3/imscp_extensionv1p2 http://www.imsglobal.org/profile/cc/ccv1p3/ccv1p3_cpextensionv1p2_v1p0.xsd">
  <metadata>
    <schema>IMS Common Cartridge</schema>
    <schemaversion>1.3.0</schemaversion>
    <lomimscc:lom>
      <lomimscc:general>
        <lomimscc:title>
          <lomimscc:string>Palmiotto demo2</lomimscc:string>
        </lomimscc:title>
      </lomimscc:general>
      <lomimscc:lifeCycle>
        <lomimscc:contribute>
          <lomimscc:date>
            <lomimscc:dateTime>2020-05-19</lomimscc:dateTime>
          </lomimscc:date>
        </lomimscc:contribute>
      </lomimscc:lifeCycle>
      <lomimscc:rights>
        <lomimscc:copyrightAndOtherRestrictions>
          <lomimscc:value>yes</lomimscc:value>
        </lomimscc:copyrightAndOtherRestrictions>
        <lomimscc:description>
          <lomimscc:string>CC Attribution - http://creativecommons.org/licenses/by/4.0</lomimscc:string>
        </lomimscc:description>
      </lomimscc:rights>
    </lomimscc:lom>
  </metadata>
  <organizations>
    <organization identifier="org_1" structure="rooted-hierarchy">
      <item identifier="LearningModules">
        <item identifier="g28fe60bdff1371a611f22f538a7a7944">
          <title>Landing Page</title>
          <item identifier="g39686b844654ab59a4fa45c0f7ad19f1" identifierref="gd0ac97b9962dd22e119e5af2f250af14">
            <title>Welcome to Our Class!</title>
          </item>
          <item identifier="gde42b9ba346a0af0b5e26058e3d98538" identifierref="gef9b0d28082de26f34f41a75bf5c39e3">
            <title>Welcome to Our Class! (Alternate Front Page)</title>
          </item>
        </item>
        <item identifier="g4c0bb25f1f17f01712f1db5fa33ac777">
          <title>INSTRUCTORS: Read This First!</title>
          <item identifier="g3ac614c0fd10f8638c7e91237cbfdbb6">
            <title>Customization Support </title>
          </item>
          <item identifier="ge5dc7cfe45c8ce717dc927c689dc5bc6" identifierref="g18b74e6720dff35e5be4d3569cad1b2d">
            <title>How to Use This Sample Course Shell</title>
          </item>
          <item identifier="geea6dba0ef186c28412fce506e2e903f" identifierref="g0706d956040c99b500a01cd70a82bed1">
            <title>Do You Have Existing Canvas Course Content?</title>
          </item>
          <item identifier="gcdfc26a0d625490bb78061dc3e8c7394" identifierref="g4952360ebdb1a8bcee508f820059c19f">
            <title>One-Stop Resource Page</title>
          </item>
          <item identifier="g217b1c07ea6cfe03611a5d869351fd7b" identifierref="ge9ad665728d96a795f7ee9c54519c3c0">
            <title>Canvas Course Commons</title>
          </item>
          <item identifier="g02ca68f6342fed791e5a00ba4cddafef">
            <title>Other Helpful Resources</title>
          </item>
          <item identifier="g2cc08453def0d2b0d4b3781ce69d12de" identifierref="g06bbf81c452f62f3ef97b6a8b52a3a40">
            <title>How to Record Your Welcome Video</title>
          </item>
          <item identifier="geeca4c4554b1c302359ca41f4b581bac" identifierref="g6b34cffba43a4cbc1f1ea39e0d5067b8">
            <title>Welcoming Students Before the Course Starts</title>
          </item>
          <item identifier="gec9c2ab7cee1f22a9da5c13273941994" identifierref="gcf7695a2bcafc1dda9b8318c23cf4122">
            <title>Chapter Readings and PowerPoint Guidance</title>
          </item>
          <item identifier="g05e7c5e2472f1686ee84bb34fe0f34aa">
            <title>Accessibility Support</title>
          </item>
          <item identifier="gf0160b85f80ce4a2e3434c8aff062204" identifierref="ga6cd39ac10ffabb955785289e9dcd3d9">
            <title>Accessibility Disclaimer to Faculty</title>
          </item>
          <item identifier="g6142a6c819abdf5ce49605943ab7341a" identifierref="gf7420ce1a489a0db27d7447c2f892e0d">
            <title>Self-Paced Accessibility Courses</title>
          </item>
          <item identifier="g606e9694656645849e6c86bd0720c75d" identifierref="g7e69b52d2aaa00b7138537768dee2153">
            <title>Captioning All Videos</title>
          </item>
        </item>
        <item identifier="g4565e56a22b8307dc06d8e9a5e1243bc">
          <title>Getting Started (SAMPLE)</title>
          <item identifier="g3d97de713db6de4d52ee353ac0af6b19" identifierref="g9db5f73ea2b2dbd486600892d0e2ce99">
            <title>About Your Instructor</title>
          </item>
          <item identifier="g0bdb84113d655f4ccce32cc7f8cfb033" identifierref="g839f0180047a7cac847796cc05a105b7">
            <title>Being Successful in this Course</title>
          </item>
          <item identifier="g533263d50085a59d032a2780c8433909" identifierref="g230a94949c6fa6689560aee730c28bd9">
            <title>Getting Started with Canvas</title>
          </item>
          <item identifier="gf7d159176d3a072bd132123d3ac3dff3" identifierref="gd91f5d1cca17d1db07d198170603561e">
            <title>Canvas Quick Links</title>
          </item>
          <item identifier="ge5e735e1943cbeb9abe1459992ffe590" identifierref="g542a48f37d4e709ef0156299d837e2b3">
            <title>Student Support Services</title>
          </item>
          <item identifier="g55a69e2a52ff8f2234bf85f33111215e" identifierref="g2ce31de1d5713377c6d2a460c316005e">
            <title>Online Learning Resources</title>
          </item>
          <item identifier="g830d7ce611317735fd6f8cc24fde928b" identifierref="g5672ce5fef4461d0d900fb8644b5f7fa">
            <title>Tech Services &amp; Computer Resources</title>
          </item>
        </item>
        <item identifier="ged1c1e0a0c7dc71d6185902292f6e6c1">
          <title>Chapter 1: Introduction to Psychology</title>
          <item identifier="g967d9e158b1bf148b56d9c23204a2713" identifierref="g3effbe8649790eb328f713116c4ed7af">
            <title>Introduction</title>
          </item>
          <item identifier="g0a7a7bc1297034d93e245015b716ac67" identifierref="g229eca1aacf7d5a73c64cf38a6a10c92">
            <title>1.1 What Is Psychology?</title>
          </item>
          <item identifier="g5fafac18277c39d9df530a05d7ac7794" identifierref="gef05b607a5e8514647432a3933c12d02">
            <title>1.2 History of Psychology</title>
          </item>
          <item identifier="gb906072a8b88fa96c432492ad166ce26" identifierref="gd95ed534364f354d7da0c8be1b8ed1c1">
            <title>1.3 Contemporary Psychology</title>
          </item>
          <item identifier="g9801ef07502019cb4c93c7db532220a8" identifierref="g7dcd656c5096e93987111f7034565fa4">
            <title>1.4 Careers in Psychology</title>
          </item>
        </item>
        <item identifier="gdc02c8d0a87044f31dd9feefb3f3c7b1">
          <title>Chapter 2: Psychological Research</title>
          <item identifier="g021885e1e9e08cbadf248020a05d691e" identifierref="ge10d98316ea25d697efc20234e84b9be">
            <title>Introduction</title>
          </item>
          <item identifier="g7e5940aed533304fdd30388483056169" identifierref="gf40c5a28e257f073ee76aadc2e5e496f">
            <title>2.1 Why Is Research Important?</title>
          </item>
          <item identifier="g89e515572aaa67e3d710f421daa850e5" identifierref="g5b3b10a8f8dc748035404e830b8a98fd">
            <title>2.2 Approaches to Research</title>
          </item>
          <item identifier="ga4d5eeab4c7d7286b48952511b197308" identifierref="g10525f40b4ee37a9559750f4de32fca3">
            <title>2.3 Analyzing Findings</title>
          </item>
          <item identifier="g06f881f31936888d8fb009a7037f5313" identifierref="g4afe6ec65aad96a846ed449f81080277">
            <title>2.4 Ethics</title>
          </item>
        </item>
        <item identifier="gb5763fea6248a6ea5789b63d12d7900e">
          <title>Chapter 3: Biopsychology</title>
          <item identifier="gcfd11f72e795676ef25eca83e23b7576" identifierref="gd3ee66b21354ffc3ababce24dfa5e279">
            <title>Introduction</title>
          </item>
          <item identifier="g04677cb071ea20914da210fcd73dd561" identifierref="ge0640bfc38dd9d0d36a33ca66c324ac6">
            <title>3.1 Human Genetics</title>
          </item>
          <item identifier="g954cb64f83d53f102186eaf897385fea" identifierref="g7f32ef98e45bc1a0becd23fcca4876f0">
            <title>3.2 Cells of the Nervous System</title>
          </item>
          <item identifier="g4df9b9c4b86c746139744d83727308ff" identifierref="g2be9bce8bd03d7794829048f1db3e4fb">
            <title>3.3 Parts of the Nervous System</title>
          </item>
          <item identifier="gbd2d4818d7b3bc586ab0d21946bccd85" identifierref="g1db4ec483dbbe662d8730802c6a0d03f">
            <title>3.4 The Brain and Spinal Cord</title>
          </item>
          <item identifier="g43b4c86dcbe02c70d5bf99108a02141d" identifierref="gdf2f3cfdab2f9df6f4c201afb93a9400">
            <title>3.5 The Endocrine System</title>
          </item>
        </item>
        <item identifier="g9e9cf169d83f09b753ff74b6674df370">
          <title>Chapter 4: States of Consciousness</title>
          <item identifier="g6e168835717866a72d89864e5ea2756d" identifierref="g5933779673711f531fa40b112199ab47">
            <title>Introduction</title>
          </item>
          <item identifier="g7df64cdfbf7494c079f00cc69321e589" identifierref="g9f1495bd127084fd1e60abbe27759e39">
            <title>4.1 What Is Consciousness?</title>
          </item>
          <item identifier="g471a13d727c05ee67bd85d1b8cc9be79" identifierref="g309119a2de227bb76f990b917ce7fec8">
            <title>4.2 Sleep and Why We Sleep</title>
          </item>
          <item identifier="g075d36b574764c1e1a9d2e1c7e3779d1" identifierref="g9c0a5cc0d67cb715ef81f8037d135339">
            <title>4.3 Stages of Sleep</title>
          </item>
          <item identifier="g02f3228391784904ce4ff76df6622197" identifierref="gf601514aba4bce1f8036f91fcce08680">
            <title>4.4 Sleep Problems and Disorders</title>
          </item>
          <item identifier="ga53cc2494b1430b047502e526ecee0c7" identifierref="g91420cb4b6dda39544ee149c681bf1af">
            <title>4.5 Substance Use and Abuse</title>
          </item>
          <item identifier="g539cd33a9c0c29a9637f3455908ada16" identifierref="gfedbcf1600e376b6dab50296e2df258a">
            <title>4.6 Other States of Consciousness</title>
          </item>
        </item>
        <item identifier="ga8dffc6f285e75b240e61f3acb51b481">
          <title>Chapter 5: Sensation and Perception</title>
          <item identifier="g2a58f1ab34d2b546a4687af82317dc8c" identifierref="gce807a3e36957a0565ff2448bcb9830a">
            <title>Introduction</title>
          </item>
          <item identifier="g05cfe0049357a209ede3664d896089aa" identifierref="g2608c7df7f96f4d77747285024dadf02">
            <title>5.1 Sensation versus Perception</title>
          </item>
          <item identifier="g4036cce0ffa394ee2046448d29edf180" identifierref="g5f8106db3180468c8f674be42f9a4d96">
            <title>5.2 Waves and Wavelengths</title>
          </item>
          <item identifier="g3f0605272485c2fcc5a1d723d8a1fc4c" identifierref="ge6dcf1a604dc442df57028c81969a0ae">
            <title>5.3 Vision</title>
          </item>
          <item identifier="g50ea673898e89a0f61ae115863219d36" identifierref="g5c5b632a1d1cfaf652071fcbac87dc2e">
            <title>5.4 Hearing</title>
          </item>
          <item identifier="g0361a9923b8e2613ef60f8343cf05136" identifierref="gb994f358c6297d9d0c604fc57f7530b5">
            <title>5.5 The Other Senses</title>
          </item>
          <item identifier="g5a328d5dd4aa1beba988cb247aa0199b" identifierref="g8a53d0858d43dcecd7ad8a1e66da20ad">
            <title>5.6 Gestalt Principles of Perception</title>
          </item>
        </item>
        <item identifier="g858f199176bd8fd7e958a5227e65b39b">
          <title>Chapter 6: Learning</title>
          <item identifier="gce750bb2dabcea0f5ef3b2dfe174017a" identifierref="g52d2d6716df8f0d369ec59d7e91f26a9">
            <title>Introduction</title>
          </item>
          <item identifier="g747a7c1f72afa75012ffa6fa82b1005b" identifierref="g3a8a6b959c9a38bbfe4866c196027cf0">
            <title>6.1 What Is Learning?</title>
          </item>
          <item identifier="g9e34bfdeb270720e5ed6494eaba35a85" identifierref="g3a78cf6ff17dd32860c1d43a7ccf60a2">
            <title>6.2 Classical Conditioning</title>
          </item>
          <item identifier="g40f50cf659bf20fc95831f04c65baafd" identifierref="g5f01e92292ad6531bf3ab68df66b6649">
            <title>6.3 Operant Conditioning</title>
          </item>
          <item identifier="gbac7609244f6dbe83729f5207eb36091" identifierref="g189de062263fc3c0704ea55e19a8c6b8">
            <title>6.4 Observational Learning (Modeling)</title>
          </item>
        </item>
        <item identifier="g1be15f03ea6a561c6b17c0043ee0d189">
          <title>Chapter 7: Thinking and Intelligence</title>
          <item identifier="g4cc005fa89c002e7ee8d07a8700f03fc" identifierref="g8ea2e66a53c93cf87a4906de969162f1">
            <title>Introduction</title>
          </item>
          <item identifier="gf7ca63748b129bb00702ffe5fcca9146" identifierref="gb97334abb3bc0d07fbc1058e4456b4fb">
            <title>7.1 What Is Cognition?</title>
          </item>
          <item identifier="g7b0ce768df234ccca6f2f032b4aeb302" identifierref="g869528dd047fee157283d8785221d10b">
            <title>7.2 Language</title>
          </item>
          <item identifier="g7d791779f160fa31702ec1439f14de32" identifierref="g1e1774ee92430af8ff9e00a7732560b7">
            <title>7.3 Problem Solving</title>
          </item>
          <item identifier="g079bab1b400b7b55e298383e15d6cf5b" identifierref="g07723265b86a4e3df1c0743aba8fe06f">
            <title>7.4 What Are Intelligence and Creativity?</title>
          </item>
          <item identifier="g169159483421b0bed5f3931916025fbb" identifierref="ge67ebac5969acaf302f3586d945e7a62">
            <title>7.5 Measures of Intelligence</title>
          </item>
          <item identifier="gfad007804948c7d9aca60abf6bee9c01" identifierref="ga13648baa487d9d218898141771dcc13">
            <title>7.6 The Source of Intelligence</title>
          </item>
        </item>
        <item identifier="g5e3e011b234374f7fc66a5ee29ae782b">
          <title>Chapter 8: Memory</title>
          <item identifier="g669ebe94f7c21f0072bd5a83d11dc646" identifierref="gf59f04137b3794d490df2e4cfec88304">
            <title>Introduction</title>
          </item>
          <item identifier="g551d18695b23515a51197515e0cbff1d" identifierref="gbdefb57096559bb54b4667fd5e5bd5e0">
            <title>8.1 How Memory Functions</title>
          </item>
          <item identifier="g5f63908ff4b650d0971ce6100de2393c" identifierref="g5c8892f564627a0c8ec97cbbb24c009b">
            <title>8.2 Parts of the Brain Involved with Memory</title>
          </item>
          <item identifier="gcdb07dd4e59971ffecea32e05f4a2193" identifierref="gb9546bd7b8bef7993a6ee7f2dfeac08f">
            <title>8.3 Problems with Memory</title>
          </item>
          <item identifier="g07134a0a6f451c881e74be6d37dc5e73" identifierref="g5fab612222ca29efae5e6db13158502b">
            <title>8.4 Ways to Enhance Memory</title>
          </item>
        </item>
        <item identifier="gbca37d659ede639f6df1d29bc79f1937">
          <title>Chapter 9: Lifespan Development</title>
          <item identifier="gbe71aa414f00c08d33a986d48e298a66" identifierref="gee5dd864ade68be24ea6ade1df4d776b">
            <title>Introduction</title>
          </item>
          <item identifier="g6b266b241ebbef3212350f3ce93239d3" identifierref="g9288f46e762189baa46efb1153aee2d2">
            <title>9.1 What Is Lifespan Development?</title>
          </item>
          <item identifier="gdef96978501d5449287a3701d584facf" identifierref="g750858d2436ddee3ea5b40964fb9a6a7">
            <title>9.2 Lifespan Theories</title>
          </item>
          <item identifier="gee73994ba940944350ece2255793e62d" identifierref="g734a02129e1550e327eb5ca52b71428b">
            <title>9.3 Stages of Development</title>
          </item>
          <item identifier="gb6f7dca31b3986a897c8361b62d3972e" identifierref="g13453f398e22e04f2a3eb2305885b715">
            <title>9.4 Death and Dying</title>
          </item>
        </item>
        <item identifier="g3613cba5eb0018de1c9c911f20611aee">
          <title>Chapter 10: Emotion and Motivation</title>
          <item identifier="gefcc2c21a534c26a28f9f8638abc3801" identifierref="g770ff482599bd4939c09df06b1bc9626">
            <title>Introduction</title>
          </item>
          <item identifier="g0791e69f8d90976237ac041c8e60e36e" identifierref="gd19f8c10e384666ea1b177be54ab290e">
            <title>10.1 Motivation</title>
          </item>
          <item identifier="gbde925d0101abb0c9b905fa3dc8e1fa7" identifierref="g9b798f0fb5d70a9f6b184a2c05c8eab0">
            <title>10.2 Hunger and Eating</title>
          </item>
          <item identifier="gcc7cbf3a15cddb3c063ffd62685a92b3" identifierref="gfed06f3476334656e4521e29b4a38a5f">
            <title>10.3 Sexual Behavior</title>
          </item>
          <item identifier="gc9872dc3f07a607f3ed23c20893b2b54" identifierref="g11f501050bd0a7c2178db4f719b17b5c">
            <title>10.4 Emotion</title>
          </item>
        </item>
        <item identifier="gd06da6860de5a19b65a0c4571f12a603">
          <title>Chapter 11: Personality</title>
          <item identifier="gd02432a45f929e13d0d0629d528ac8ff" identifierref="g23de10322e93503f82e5daf14b9d7eaf">
            <title>Introduction</title>
          </item>
          <item identifier="g0551066ea65958d04016b8fd443d03de" identifierref="gc0f8cf11bbd4807cd141a4ebae3e8c29">
            <title>11.1 What Is Personality?</title>
          </item>
          <item identifier="gede38dd618c6dd4496721b1df9f7832e" identifierref="g37b3ee566ee85be00a26211d672b79ba">
            <title>11.2 Freud and the Psychodynamic Perspective</title>
          </item>
          <item identifier="gb18be2db1d61383a8eddcfef48275a3d" identifierref="gc26a30f2eb201ea4a49fc58de9ef91ae">
            <title>11.3 Neo-Freudians: Adler, Erikson, Jung, and Horney</title>
          </item>
          <item identifier="gff346749dc3f9fb876c567476f0849d7" identifierref="g94ad56861a50669aceced90cfb574f53">
            <title>11.4 Learning Approaches</title>
          </item>
          <item identifier="g70e202c4aee1c32c294e00c0bceda58a" identifierref="gd83e1af4aa9a4e1e6f9722013cb1c407">
            <title>11.5 Humanistic Approaches</title>
          </item>
          <item identifier="g49199d48cd8acfffe38547ce533328b7" identifierref="g0a687521c04b805606fa3e69b6f49382">
            <title>11.6 Biological Approaches</title>
          </item>
          <item identifier="g3ce42dc077155d90ca5ca1bebfccdedc" identifierref="ge557d32af93aae23de44b4642440212b">
            <title>11.7 Trait Theorists</title>
          </item>
          <item identifier="g425c03d8e0e9c06639f39b246ab5f8c4" identifierref="g8f60f0c2eef46941e1e384b16f2e1746">
            <title>11.8 Cultural Understandings of Personality</title>
          </item>
          <item identifier="gb7cd4842c01a72940e6be33ca6373c92" identifierref="gd34472aeb0e2ca651106c352674ded34">
            <title>11.9 Personality Assessment</title>
          </item>
        </item>
        <item identifier="g2a2eff479e4a0bf0be1ed52cf6347f37">
          <title>Chapter 12: Social Psychology</title>
          <item identifier="g83dcbe2922678508950068510b1c18ba" identifierref="gd837b515e93d0afb2898220e00ea011b">
            <title>Introduction</title>
          </item>
          <item identifier="g8839277367e1ff863404213a0df6e136" identifierref="gfc5a8f1efcfa84949d51febc4dc424a2">
            <title>12.1 What Is Social Psychology?</title>
          </item>
          <item identifier="g2caee64a980be144c085e7351578cfd7" identifierref="g6d3b0489880a70f2d6226b42adc9c649">
            <title>12.2 Self-presentation</title>
          </item>
          <item identifier="gcca0540cbf98a4b7159d6ca7d2e875c1" identifierref="g061af3403698c8043636d8bed786401d">
            <title>12.3 Attitudes and Persuasion</title>
          </item>
          <item identifier="g9324f0cebadd963e1dad1778c6f6e28b" identifierref="g094d0bf60a4a8aee2665666798f2b81e">
            <title>12.4 Conformity, Compliance, and Obedience</title>
          </item>
          <item identifier="gc25b3efa759e9b2e89026b764bbc9ece" identifierref="g7ca68ccc0768146adce9bc3f22d04de3">
            <title>12.5 Prejudice and Discrimination</title>
          </item>
          <item identifier="gf4b399ab26c2d1fda588b81e91b50f86" identifierref="g4cc3b56697032550348266dd8a965a4d">
            <title>12.6 Aggression</title>
          </item>
          <item identifier="g737e8b40ce615a225c2e51d00cb36be4" identifierref="g434b470b243fbc3103295cde8476b9f9">
            <title>12.7 Prosocial Behavior</title>
          </item>
        </item>
        <item identifier="gb84927710e7cece9043714bad1c0844b">
          <title>Chapter 13: Industrial-Organizational Psychology</title>
          <item identifier="gbc96ff193165dcb203c65e8a9ee21293" identifierref="g02a8814223c79b192a9d17f7d19db9d9">
            <title>Introduction</title>
          </item>
          <item identifier="g87f888f54906205ac688f4441159d4e6" identifierref="gc9f0241ec140c4193b3926dda164abf4">
            <title>13.1 What Is Industrial and Organizational Psychology?</title>
          </item>
          <item identifier="gac724e8f204099a4bf6f8d74da6e9977" identifierref="g76572a05950a8eda16eccbfa695e05d2">
            <title>13.2 Industrial Psychology: Selecting and Evaluating Employees</title>
          </item>
          <item identifier="g558d8a90d771b4c00db4994bc78552d3" identifierref="g8bbea6d1bdea6a611099375c35d43c67">
            <title>13.3 Organizational Psychology: The Social Dimension of Work</title>
          </item>
          <item identifier="g704842c8bfa291493402b776d3163ec1" identifierref="g5b8e1977b6755f0f52a7e5a52c6d39e2">
            <title>13.4 Human Factors Psychology and Workplace Design</title>
          </item>
        </item>
        <item identifier="gdec79a3992f29065da5360b5e2f33c54">
          <title>Chapter 14:  Stress, Lifestyle, and Health</title>
          <item identifier="g9d9f903ce44d310f30599ddb6465ca9e" identifierref="g6272f6019c79a6582d3defb4fbec2550">
            <title>Introduction</title>
          </item>
          <item identifier="gff548fbc6e3f3e02dadcb7eb3090763d" identifierref="g96e4acac13910124cb678206dd63e61b">
            <title>14.1 What Is Stress?</title>
          </item>
          <item identifier="g19eeca11aa469d7d6b6e67cf68399a24" identifierref="ga20c5e1bfa940077c2f21a122830abfa">
            <title>14.2 Stressors</title>
          </item>
          <item identifier="g771e32e90622299304234e69bcfad418" identifierref="g3eff4747d8907c3a33a7ce79ecdc913d">
            <title>14.3 Stress and Illness</title>
          </item>
          <item identifier="g7034ae5e938a5ef2d91a22780e2b0a21" identifierref="ge1e7a19928a74fe073b7ea43209fdb20">
            <title>14.4 Regulation of Stress</title>
          </item>
          <item identifier="gf97568945c6ea04a51c94f8cab53ad6b" identifierref="g29d08ce17d90ba1ca145e0afb929632e">
            <title>14.5 The Pursuit of Happiness</title>
          </item>
        </item>
        <item identifier="g577f5b13674cd173583fad8f474010ee">
          <title>Chapter 15: Psychological Disorders</title>
          <item identifier="g1c94941b7d7078a5a0fe953654d8ab3d" identifierref="g136f2f9f5741aee710ecc2bdde279d39">
            <title>Introduction</title>
          </item>
          <item identifier="g901a1da3759e0f67507febfebf2ead9e" identifierref="gbdfd7206e744e2c4cbf48934ba20b5d4">
            <title>15.1 What Are Psychological Disorders?</title>
          </item>
          <item identifier="g7298c596fa45ea5b746bfd7dbbe1b0de" identifierref="ge0e3965bf0ce770ffc67ca8bf7064094">
            <title>15.2 Diagnosing and Classifying Psychological Disorders</title>
          </item>
          <item identifier="gfa69d7e37006f469ddacfe09452ffdd3" identifierref="g0cc05bb103556b16109c5314c524196c">
            <title>15.3 Perspectives on Psychological Disorders</title>
          </item>
          <item identifier="g0cf93a0399c613b0b53bb4f56680abe0" identifierref="g196d0a19b205882751d3ce5e6bf8ab93">
            <title>15.4 Anxiety Disorders</title>
          </item>
          <item identifier="g924495e64488ed85a53212533f3551b8" identifierref="g5a85c030faf95519e72515157bba0446">
            <title>15.5 Obsessive-Compulsive and Related Disorders</title>
          </item>
          <item identifier="gc2a031ea08c767645c114dc275fcc0e6" identifierref="ge6ca1e1ee7a701f43a382708fb01c9cb">
            <title>15.6 Posttraumatic Stress Disorder</title>
          </item>
          <item identifier="g26320a058ddb1184a2a2dc59dfa400c2" identifierref="g3a3c951730d3ae9fd93ba8a328cda536">
            <title>15.7 Mood Disorders</title>
          </item>
          <item identifier="g00e3fd50b564b125acb286eee69b8997" identifierref="g013ad17681861b3f2fe087f81a9b773f">
            <title>15.8 Schizophrenia</title>
          </item>
          <item identifier="gdb2a19b2ffe6a531b61f373bd6e15d91" identifierref="g570dc0bf7981c5ce264b31ed5962c708">
            <title>15.9 Dissociative Disorders</title>
          </item>
          <item identifier="g8a776305e0db55ae7b41bde2c9044556" identifierref="g8eb050abaeff2d30e4b017eb4428a23e">
            <title>15.10 Disorders in Childhood</title>
          </item>
          <item identifier="g64e9e63303dc988ec5caf5cf5ef15fe9" identifierref="gd99d541211406cda1a9012ef9330ce24">
            <title>15.11 Personality Disorders</title>
          </item>
        </item>
        <item identifier="g307cff325d7c8f4609aa2bf96e3d5c79">
          <title>Chapter 16: Therapy and Treatment</title>
          <item identifier="gb3279fc5a16ecadd892d5057251aed91" identifierref="gc2085ca6e7c8db6861fdafe12307f28f">
            <title>Introduction</title>
          </item>
          <item identifier="ga692d2ced75344324f380f910a5b74f1" identifierref="g1bdc4012fce7e6e0dfcbdd9a045744c1">
            <title>16.1 Mental Health Treatment: Past and Present</title>
          </item>
          <item identifier="g0be46ebeb4401e03f4a52ba5afad6516" identifierref="gcb288bf3f8015404bb49cc13df670b78">
            <title>16.2 Types of Treatment</title>
          </item>
          <item identifier="g7f47605a07176ee2307c36a64b7b270a" identifierref="g5aaa7385270b9805b30b89912fbd0831">
            <title>16.3 Treatment Modalities</title>
          </item>
          <item identifier="g279b5dac2b09779a8ab7287154079824" identifierref="gaa3fbcca800ab4b7f18f25025086910a">
            <title>16.4 Substance-Related and Addictive Disorders: A Special Case</title>
          </item>
          <item identifier="g34d0d884b45c49b3feb3d2f4dc10bd01" identifierref="g05367cbcd8b152d1a382c1f9c208aca0">
            <title>16.5 The Sociocultural Model and Therapy Utilization</title>
          </item>
        </item>
      </item>
    </organization>
  </organizations>
  <resources>
    <resource identifier="gb9caf0121e7a143e7e6d255426d03cb9_syllabus" type="associatedcontent/imscc_xmlv1p1/learning-application-resource" href="course_settings/syllabus.html" intendeduse="syllabus">
      <file href="course_settings/syllabus.html"/>
    </resource>
    <resource identifier="gb9caf0121e7a143e7e6d255426d03cb9" type="associatedcontent/imscc_xmlv1p1/learning-application-resource" href="course_settings/canvas_export.txt">
      <file href="course_settings/course_settings.xml"/>
      <file href="course_settings/module_meta.xml"/>
      <file href="course_settings/assignment_groups.xml"/>
      <file href="course_settings/files_meta.xml"/>
      <file href="course_settings/media_tracks.xml"/>
      <file href="course_settings/canvas_export.txt"/>
    </resource>
    <resource identifier="gd0ac97b9962dd22e119e5af2f250af14" type="webcontent" href="wiki_content/welcome-to-our-class.html">
      <file href="wiki_content/welcome-to-our-class.html"/>
    </resource>
    <resource identifier="g18b74e6720dff35e5be4d3569cad1b2d" type="webcontent" href="wiki_content/how-to-use-this-sample-course-shell.html">
      <file href="wiki_content/how-to-use-this-sample-course-shell.html"/>
    </resource>
    <resource identifier="g0706d956040c99b500a01cd70a82bed1" type="webcontent" href="wiki_content/do-you-have-existing-canvas-course-content.html">
      <file href="wiki_content/do-you-have-existing-canvas-course-content.html"/>
    </resource>
    <resource identifier="g9db5f73ea2b2dbd486600892d0e2ce99" type="webcontent" href="wiki_content/about-your-instructor.html">
      <file href="wiki_content/about-your-instructor.html"/>
    </resource>
    <resource identifier="g7e69b52d2aaa00b7138537768dee2153" type="webcontent" href="wiki_content/captioning-all-videos.html">
      <file href="wiki_content/captioning-all-videos.html"/>
    </resource>
    <resource identifier="gf488d5697aa99da7849ee086e7b0f36e" type="webcontent" href="wiki_content/course-syllabus-sample.html">
      <file href="wiki_content/course-syllabus-sample.html"/>
    </resource>
    <resource identifier="g4952360ebdb1a8bcee508f820059c19f" type="webcontent" href="wiki_content/one-stop-resource-page.html">
      <file href="wiki_content/one-stop-resource-page.html"/>
    </resource>
    <resource identifier="g839f0180047a7cac847796cc05a105b7" type="webcontent" href="wiki_content/being-successful-in-this-course.html">
      <file href="wiki_content/being-successful-in-this-course.html"/>
    </resource>
    <resource identifier="g4163432f8b0dba7f0e6a3341df2e1c43" type="webcontent" href="wiki_content/record-your-video.html">
      <file href="wiki_content/record-your-video.html"/>
    </resource>
    <resource identifier="g155f1ad483024912709cee888e22d588" type="webcontent" href="wiki_content/sample-tech-services-and-computer-resources.html">
      <file href="wiki_content/sample-tech-services-and-computer-resources.html"/>
    </resource>
    <resource identifier="g4c5b9f1b70ea3a2d78f1806730f0d9cc" type="webcontent" href="wiki_content/helping-students-navigate-to-the-latest-textbook-version.html">
      <file href="wiki_content/helping-students-navigate-to-the-latest-textbook-version.html"/>
    </resource>
    <resource identifier="gb6a11ccf748e266de817ae743e46a729" type="webcontent" href="wiki_content/textbook-information.html">
      <file href="wiki_content/textbook-information.html"/>
    </resource>
    <resource identifier="g5672ce5fef4461d0d900fb8644b5f7fa" type="webcontent" href="wiki_content/tech-services-and-computer-resources.html">
      <file href="wiki_content/tech-services-and-computer-resources.html"/>
    </resource>
    <resource identifier="g2ce31de1d5713377c6d2a460c316005e" type="webcontent" href="wiki_content/online-learning-resources.html">
      <file href="wiki_content/online-learning-resources.html"/>
    </resource>
    <resource identifier="g542a48f37d4e709ef0156299d837e2b3" type="webcontent" href="wiki_content/student-support-services.html">
      <file href="wiki_content/student-support-services.html"/>
    </resource>
    <resource identifier="gd91f5d1cca17d1db07d198170603561e" type="webcontent" href="wiki_content/canvas-quick-links.html">
      <file href="wiki_content/canvas-quick-links.html"/>
    </resource>
    <resource identifier="g230a94949c6fa6689560aee730c28bd9" type="webcontent" href="wiki_content/getting-started-with-canvas.html">
      <file href="wiki_content/getting-started-with-canvas.html"/>
    </resource>
    <resource identifier="gf7420ce1a489a0db27d7447c2f892e0d" type="webcontent" href="wiki_content/self-paced-accessibility-courses.html">
      <file href="wiki_content/self-paced-accessibility-courses.html"/>
    </resource>
    <resource identifier="ga6cd39ac10ffabb955785289e9dcd3d9" type="webcontent" href="wiki_content/accessibility-disclaimer-to-faculty.html">
      <file href="wiki_content/accessibility-disclaimer-to-faculty.html"/>
    </resource>
    <resource identifier="gcf7695a2bcafc1dda9b8318c23cf4122" type="webcontent" href="wiki_content/chapter-readings-and-powerpoint-guidance.html">
      <file href="wiki_content/chapter-readings-and-powerpoint-guidance.html"/>
    </resource>
    <resource identifier="g06bbf81c452f62f3ef97b6a8b52a3a40" type="webcontent" href="wiki_content/how-to-record-your-welcome-video.html">
      <file href="wiki_content/how-to-record-your-welcome-video.html"/>
    </resource>
    <resource identifier="ge9ad665728d96a795f7ee9c54519c3c0" type="webcontent" href="wiki_content/canvas-course-commons.html">
      <file href="wiki_content/canvas-course-commons.html"/>
    </resource>
    <resource identifier="gbd571f707c317706625d977056b27c3b" type="webcontent" href="wiki_content/sample-being-successful-in-this-course.html">
      <file href="wiki_content/sample-being-successful-in-this-course.html"/>
    </resource>
    <resource identifier="g076dee5465d6a634b0869b6b1944416c" type="webcontent" href="wiki_content/textbook-information-and-additional-resources.html">
      <file href="wiki_content/textbook-information-and-additional-resources.html"/>
    </resource>
    <resource identifier="geac2ecd7e8a395b0acdfce3fd6844691" type="webcontent" href="wiki_content/instructor-guide-editing-quizzes.html">
      <file href="wiki_content/instructor-guide-editing-quizzes.html"/>
    </resource>
    <resource identifier="g824b10dc02dd950ce251920dac175e66" type="webcontent" href="wiki_content/sample-using-the-canvas-lms.html">
      <file href="wiki_content/sample-using-the-canvas-lms.html"/>
    </resource>
    <resource identifier="g6b34cffba43a4cbc1f1ea39e0d5067b8" type="webcontent" href="wiki_content/welcoming-students-before-the-course-starts.html">
      <file href="wiki_content/welcoming-students-before-the-course-starts.html"/>
    </resource>
    <resource identifier="gef9b0d28082de26f34f41a75bf5c39e3" type="webcontent" href="wiki_content/welcome-to-our-class-alternate-front-page.html">
      <file href="wiki_content/welcome-to-our-class-alternate-front-page.html"/>
    </resource>
    <resource identifier="g494e7a1545c48754da237179552452f9" type="webcontent" href="wiki_content/sample-student-services-and-resources.html">
      <file href="wiki_content/sample-student-services-and-resources.html"/>
    </resource>
    <resource identifier="g694134acf2cd8892d27821e01337c4a0" type="assignment_xmlv1p0" href="g694134acf2cd8892d27821e01337c4a0/assignment.xml">
      <file href="g694134acf2cd8892d27821e01337c4a0/assignment.xml"/>
    </resource>
    <resource identifier="g694134acf2cd8892d27821e01337c4a0_fallback" type="webcontent">
      <cpx:variant identifier="g694134acf2cd8892d27821e01337c4a0_variant" identifierref="g694134acf2cd8892d27821e01337c4a0">
        <cpx:metadata/>
      </cpx:variant>
      <file href="g694134acf2cd8892d27821e01337c4a0/sample-updating-your-canvas-profile.html"/>
    </resource>
    <resource identifier="gb88e51e8e4740a615a474340065463c5" type="assignment_xmlv1p0" href="gb88e51e8e4740a615a474340065463c5/assignment.xml">
      <file href="gb88e51e8e4740a615a474340065463c5/assignment.xml"/>
    </resource>
    <resource identifier="gb88e51e8e4740a615a474340065463c5_fallback" type="webcontent">
      <cpx:variant identifier="gb88e51e8e4740a615a474340065463c5_variant" identifierref="gb88e51e8e4740a615a474340065463c5">
        <cpx:metadata/>
      </cpx:variant>
      <file href="gb88e51e8e4740a615a474340065463c5/self-assessment-number-1.html"/>
    </resource>
    <resource identifier="g54775a3c5be043633b089266ef832fbe" type="assignment_xmlv1p0" href="g54775a3c5be043633b089266ef832fbe/assignment.xml">
      <file href="g54775a3c5be043633b089266ef832fbe/assignment.xml"/>
    </resource>
    <resource identifier="g54775a3c5be043633b089266ef832fbe_fallback" type="webcontent">
      <cpx:variant identifier="g54775a3c5be043633b089266ef832fbe_variant" identifierref="g54775a3c5be043633b089266ef832fbe">
        <cpx:metadata/>
      </cpx:variant>
      <file href="g54775a3c5be043633b089266ef832fbe/self-assessment-number-3.html"/>
    </resource>
    <resource identifier="g7cb74ff67714ab2e2cfcf6a51060416b" type="imsdt_xmlv1p1">
      <file href="g7cb74ff67714ab2e2cfcf6a51060416b.xml"/>
      <dependency identifierref="gd145b2b916cec0602c92628c2934507f"/>
    </resource>
    <resource identifier="gd145b2b916cec0602c92628c2934507f" type="associatedcontent/imscc_xmlv1p1/learning-application-resource" href="gd145b2b916cec0602c92628c2934507f.xml">
      <file href="gd145b2b916cec0602c92628c2934507f.xml"/>
    </resource>
    <resource identifier="g2a5d746ae78622e03c45f0ce6b488a8e" type="imsdt_xmlv1p1">
      <file href="g2a5d746ae78622e03c45f0ce6b488a8e.xml"/>
      <dependency identifierref="gd871a70fe3558026ea2c3ffc100a951e"/>
    </resource>
    <resource identifier="gd871a70fe3558026ea2c3ffc100a951e" type="associatedcontent/imscc_xmlv1p1/learning-application-resource" href="gd871a70fe3558026ea2c3ffc100a951e.xml">
      <file href="gd871a70fe3558026ea2c3ffc100a951e.xml"/>
    </resource>
    <resource identifier="g3effbe8649790eb328f713116c4ed7af" type="imswl_xmlv1p1">
      <file href="g3effbe8649790eb328f713116c4ed7af.xml"/>
    </resource>
    <resource identifier="g229eca1aacf7d5a73c64cf38a6a10c92" type="imswl_xmlv1p1">
      <file href="g229eca1aacf7d5a73c64cf38a6a10c92.xml"/>
    </resource>
    <resource identifier="gef05b607a5e8514647432a3933c12d02" type="imswl_xmlv1p1">
      <file href="gef05b607a5e8514647432a3933c12d02.xml"/>
    </resource>
    <resource identifier="gd95ed534364f354d7da0c8be1b8ed1c1" type="imswl_xmlv1p1">
      <file href="gd95ed534364f354d7da0c8be1b8ed1c1.xml"/>
    </resource>
    <resource identifier="g7dcd656c5096e93987111f7034565fa4" type="imswl_xmlv1p1">
      <file href="g7dcd656c5096e93987111f7034565fa4.xml"/>
    </resource>
    <resource identifier="ge10d98316ea25d697efc20234e84b9be" type="imswl_xmlv1p1">
      <file href="ge10d98316ea25d697efc20234e84b9be.xml"/>
    </resource>
    <resource identifier="gf40c5a28e257f073ee76aadc2e5e496f" type="imswl_xmlv1p1">
      <file href="gf40c5a28e257f073ee76aadc2e5e496f.xml"/>
    </resource>
    <resource identifier="g5b3b10a8f8dc748035404e830b8a98fd" type="imswl_xmlv1p1">
      <file href="g5b3b10a8f8dc748035404e830b8a98fd.xml"/>
    </resource>
    <resource identifier="g10525f40b4ee37a9559750f4de32fca3" type="imswl_xmlv1p1">
      <file href="g10525f40b4ee37a9559750f4de32fca3.xml"/>
    </resource>
    <resource identifier="g4afe6ec65aad96a846ed449f81080277" type="imswl_xmlv1p1">
      <file href="g4afe6ec65aad96a846ed449f81080277.xml"/>
    </resource>
    <resource identifier="gd3ee66b21354ffc3ababce24dfa5e279" type="imswl_xmlv1p1">
      <file href="gd3ee66b21354ffc3ababce24dfa5e279.xml"/>
    </resource>
    <resource identifier="ge0640bfc38dd9d0d36a33ca66c324ac6" type="imswl_xmlv1p1">
      <file href="ge0640bfc38dd9d0d36a33ca66c324ac6.xml"/>
    </resource>
    <resource identifier="g7f32ef98e45bc1a0becd23fcca4876f0" type="imswl_xmlv1p1">
      <file href="g7f32ef98e45bc1a0becd23fcca4876f0.xml"/>
    </resource>
    <resource identifier="g2be9bce8bd03d7794829048f1db3e4fb" type="imswl_xmlv1p1">
      <file href="g2be9bce8bd03d7794829048f1db3e4fb.xml"/>
    </resource>
    <resource identifier="g1db4ec483dbbe662d8730802c6a0d03f" type="imswl_xmlv1p1">
      <file href="g1db4ec483dbbe662d8730802c6a0d03f.xml"/>
    </resource>
    <resource identifier="gdf2f3cfdab2f9df6f4c201afb93a9400" type="imswl_xmlv1p1">
      <file href="gdf2f3cfdab2f9df6f4c201afb93a9400.xml"/>
    </resource>
    <resource identifier="g5933779673711f531fa40b112199ab47" type="imswl_xmlv1p1">
      <file href="g5933779673711f531fa40b112199ab47.xml"/>
    </resource>
    <resource identifier="g9f1495bd127084fd1e60abbe27759e39" type="imswl_xmlv1p1">
      <file href="g9f1495bd127084fd1e60abbe27759e39.xml"/>
    </resource>
    <resource identifier="g309119a2de227bb76f990b917ce7fec8" type="imswl_xmlv1p1">
      <file href="g309119a2de227bb76f990b917ce7fec8.xml"/>
    </resource>
    <resource identifier="g9c0a5cc0d67cb715ef81f8037d135339" type="imswl_xmlv1p1">
      <file href="g9c0a5cc0d67cb715ef81f8037d135339.xml"/>
    </resource>
    <resource identifier="gf601514aba4bce1f8036f91fcce08680" type="imswl_xmlv1p1">
      <file href="gf601514aba4bce1f8036f91fcce08680.xml"/>
    </resource>
    <resource identifier="g91420cb4b6dda39544ee149c681bf1af" type="imswl_xmlv1p1">
      <file href="g91420cb4b6dda39544ee149c681bf1af.xml"/>
    </resource>
    <resource identifier="gfedbcf1600e376b6dab50296e2df258a" type="imswl_xmlv1p1">
      <file href="gfedbcf1600e376b6dab50296e2df258a.xml"/>
    </resource>
    <resource identifier="gce807a3e36957a0565ff2448bcb9830a" type="imswl_xmlv1p1">
      <file href="gce807a3e36957a0565ff2448bcb9830a.xml"/>
    </resource>
    <resource identifier="g2608c7df7f96f4d77747285024dadf02" type="imswl_xmlv1p1">
      <file href="g2608c7df7f96f4d77747285024dadf02.xml"/>
    </resource>
    <resource identifier="g5f8106db3180468c8f674be42f9a4d96" type="imswl_xmlv1p1">
      <file href="g5f8106db3180468c8f674be42f9a4d96.xml"/>
    </resource>
    <resource identifier="ge6dcf1a604dc442df57028c81969a0ae" type="imswl_xmlv1p1">
      <file href="ge6dcf1a604dc442df57028c81969a0ae.xml"/>
    </resource>
    <resource identifier="g5c5b632a1d1cfaf652071fcbac87dc2e" type="imswl_xmlv1p1">
      <file href="g5c5b632a1d1cfaf652071fcbac87dc2e.xml"/>
    </resource>
    <resource identifier="gb994f358c6297d9d0c604fc57f7530b5" type="imswl_xmlv1p1">
      <file href="gb994f358c6297d9d0c604fc57f7530b5.xml"/>
    </resource>
    <resource identifier="g8a53d0858d43dcecd7ad8a1e66da20ad" type="imswl_xmlv1p1">
      <file href="g8a53d0858d43dcecd7ad8a1e66da20ad.xml"/>
    </resource>
    <resource identifier="g52d2d6716df8f0d369ec59d7e91f26a9" type="imswl_xmlv1p1">
      <file href="g52d2d6716df8f0d369ec59d7e91f26a9.xml"/>
    </resource>
    <resource identifier="g3a8a6b959c9a38bbfe4866c196027cf0" type="imswl_xmlv1p1">
      <file href="g3a8a6b959c9a38bbfe4866c196027cf0.xml"/>
    </resource>
    <resource identifier="g3a78cf6ff17dd32860c1d43a7ccf60a2" type="imswl_xmlv1p1">
      <file href="g3a78cf6ff17dd32860c1d43a7ccf60a2.xml"/>
    </resource>
    <resource identifier="g5f01e92292ad6531bf3ab68df66b6649" type="imswl_xmlv1p1">
      <file href="g5f01e92292ad6531bf3ab68df66b6649.xml"/>
    </resource>
    <resource identifier="g189de062263fc3c0704ea55e19a8c6b8" type="imswl_xmlv1p1">
      <file href="g189de062263fc3c0704ea55e19a8c6b8.xml"/>
    </resource>
    <resource identifier="g8ea2e66a53c93cf87a4906de969162f1" type="imswl_xmlv1p1">
      <file href="g8ea2e66a53c93cf87a4906de969162f1.xml"/>
    </resource>
    <resource identifier="gb97334abb3bc0d07fbc1058e4456b4fb" type="imswl_xmlv1p1">
      <file href="gb97334abb3bc0d07fbc1058e4456b4fb.xml"/>
    </resource>
    <resource identifier="g869528dd047fee157283d8785221d10b" type="imswl_xmlv1p1">
      <file href="g869528dd047fee157283d8785221d10b.xml"/>
    </resource>
    <resource identifier="g1e1774ee92430af8ff9e00a7732560b7" type="imswl_xmlv1p1">
      <file href="g1e1774ee92430af8ff9e00a7732560b7.xml"/>
    </resource>
    <resource identifier="g07723265b86a4e3df1c0743aba8fe06f" type="imswl_xmlv1p1">
      <file href="g07723265b86a4e3df1c0743aba8fe06f.xml"/>
    </resource>
    <resource identifier="ge67ebac5969acaf302f3586d945e7a62" type="imswl_xmlv1p1">
      <file href="ge67ebac5969acaf302f3586d945e7a62.xml"/>
    </resource>
    <resource identifier="ga13648baa487d9d218898141771dcc13" type="imswl_xmlv1p1">
      <file href="ga13648baa487d9d218898141771dcc13.xml"/>
    </resource>
    <resource identifier="gf59f04137b3794d490df2e4cfec88304" type="imswl_xmlv1p1">
      <file href="gf59f04137b3794d490df2e4cfec88304.xml"/>
    </resource>
    <resource identifier="gbdefb57096559bb54b4667fd5e5bd5e0" type="imswl_xmlv1p1">
      <file href="gbdefb57096559bb54b4667fd5e5bd5e0.xml"/>
    </resource>
    <resource identifier="g5c8892f564627a0c8ec97cbbb24c009b" type="imswl_xmlv1p1">
      <file href="g5c8892f564627a0c8ec97cbbb24c009b.xml"/>
    </resource>
    <resource identifier="gb9546bd7b8bef7993a6ee7f2dfeac08f" type="imswl_xmlv1p1">
      <file href="gb9546bd7b8bef7993a6ee7f2dfeac08f.xml"/>
    </resource>
    <resource identifier="g5fab612222ca29efae5e6db13158502b" type="imswl_xmlv1p1">
      <file href="g5fab612222ca29efae5e6db13158502b.xml"/>
    </resource>
    <resource identifier="gee5dd864ade68be24ea6ade1df4d776b" type="imswl_xmlv1p1">
      <file href="gee5dd864ade68be24ea6ade1df4d776b.xml"/>
    </resource>
    <resource identifier="g9288f46e762189baa46efb1153aee2d2" type="imswl_xmlv1p1">
      <file href="g9288f46e762189baa46efb1153aee2d2.xml"/>
    </resource>
    <resource identifier="g750858d2436ddee3ea5b40964fb9a6a7" type="imswl_xmlv1p1">
      <file href="g750858d2436ddee3ea5b40964fb9a6a7.xml"/>
    </resource>
    <resource identifier="g734a02129e1550e327eb5ca52b71428b" type="imswl_xmlv1p1">
      <file href="g734a02129e1550e327eb5ca52b71428b.xml"/>
    </resource>
    <resource identifier="g13453f398e22e04f2a3eb2305885b715" type="imswl_xmlv1p1">
      <file href="g13453f398e22e04f2a3eb2305885b715.xml"/>
    </resource>
    <resource identifier="g770ff482599bd4939c09df06b1bc9626" type="imswl_xmlv1p1">
      <file href="g770ff482599bd4939c09df06b1bc9626.xml"/>
    </resource>
    <resource identifier="gd19f8c10e384666ea1b177be54ab290e" type="imswl_xmlv1p1">
      <file href="gd19f8c10e384666ea1b177be54ab290e.xml"/>
    </resource>
    <resource identifier="g9b798f0fb5d70a9f6b184a2c05c8eab0" type="imswl_xmlv1p1">
      <file href="g9b798f0fb5d70a9f6b184a2c05c8eab0.xml"/>
    </resource>
    <resource identifier="gfed06f3476334656e4521e29b4a38a5f" type="imswl_xmlv1p1">
      <file href="gfed06f3476334656e4521e29b4a38a5f.xml"/>
    </resource>
    <resource identifier="g11f501050bd0a7c2178db4f719b17b5c" type="imswl_xmlv1p1">
      <file href="g11f501050bd0a7c2178db4f719b17b5c.xml"/>
    </resource>
    <resource identifier="g23de10322e93503f82e5daf14b9d7eaf" type="imswl_xmlv1p1">
      <file href="g23de10322e93503f82e5daf14b9d7eaf.xml"/>
    </resource>
    <resource identifier="gc0f8cf11bbd4807cd141a4ebae3e8c29" type="imswl_xmlv1p1">
      <file href="gc0f8cf11bbd4807cd141a4ebae3e8c29.xml"/>
    </resource>
    <resource identifier="g37b3ee566ee85be00a26211d672b79ba" type="imswl_xmlv1p1">
      <file href="g37b3ee566ee85be00a26211d672b79ba.xml"/>
    </resource>
    <resource identifier="gc26a30f2eb201ea4a49fc58de9ef91ae" type="imswl_xmlv1p1">
      <file href="gc26a30f2eb201ea4a49fc58de9ef91ae.xml"/>
    </resource>
    <resource identifier="g94ad56861a50669aceced90cfb574f53" type="imswl_xmlv1p1">
      <file href="g94ad56861a50669aceced90cfb574f53.xml"/>
    </resource>
    <resource identifier="gd83e1af4aa9a4e1e6f9722013cb1c407" type="imswl_xmlv1p1">
      <file href="gd83e1af4aa9a4e1e6f9722013cb1c407.xml"/>
    </resource>
    <resource identifier="g0a687521c04b805606fa3e69b6f49382" type="imswl_xmlv1p1">
      <file href="g0a687521c04b805606fa3e69b6f49382.xml"/>
    </resource>
    <resource identifier="ge557d32af93aae23de44b4642440212b" type="imswl_xmlv1p1">
      <file href="ge557d32af93aae23de44b4642440212b.xml"/>
    </resource>
    <resource identifier="g8f60f0c2eef46941e1e384b16f2e1746" type="imswl_xmlv1p1">
      <file href="g8f60f0c2eef46941e1e384b16f2e1746.xml"/>
    </resource>
    <resource identifier="gd34472aeb0e2ca651106c352674ded34" type="imswl_xmlv1p1">
      <file href="gd34472aeb0e2ca651106c352674ded34.xml"/>
    </resource>
    <resource identifier="gd837b515e93d0afb2898220e00ea011b" type="imswl_xmlv1p1">
      <file href="gd837b515e93d0afb2898220e00ea011b.xml"/>
    </resource>
    <resource identifier="gfc5a8f1efcfa84949d51febc4dc424a2" type="imswl_xmlv1p1">
      <file href="gfc5a8f1efcfa84949d51febc4dc424a2.xml"/>
    </resource>
    <resource identifier="g6d3b0489880a70f2d6226b42adc9c649" type="imswl_xmlv1p1">
      <file href="g6d3b0489880a70f2d6226b42adc9c649.xml"/>
    </resource>
    <resource identifier="g061af3403698c8043636d8bed786401d" type="imswl_xmlv1p1">
      <file href="g061af3403698c8043636d8bed786401d.xml"/>
    </resource>
    <resource identifier="g094d0bf60a4a8aee2665666798f2b81e" type="imswl_xmlv1p1">
      <file href="g094d0bf60a4a8aee2665666798f2b81e.xml"/>
    </resource>
    <resource identifier="g7ca68ccc0768146adce9bc3f22d04de3" type="imswl_xmlv1p1">
      <file href="g7ca68ccc0768146adce9bc3f22d04de3.xml"/>
    </resource>
    <resource identifier="g4cc3b56697032550348266dd8a965a4d" type="imswl_xmlv1p1">
      <file href="g4cc3b56697032550348266dd8a965a4d.xml"/>
    </resource>
    <resource identifier="g434b470b243fbc3103295cde8476b9f9" type="imswl_xmlv1p1">
      <file href="g434b470b243fbc3103295cde8476b9f9.xml"/>
    </resource>
    <resource identifier="g02a8814223c79b192a9d17f7d19db9d9" type="imswl_xmlv1p1">
      <file href="g02a8814223c79b192a9d17f7d19db9d9.xml"/>
    </resource>
    <resource identifier="gc9f0241ec140c4193b3926dda164abf4" type="imswl_xmlv1p1">
      <file href="gc9f0241ec140c4193b3926dda164abf4.xml"/>
    </resource>
    <resource identifier="g76572a05950a8eda16eccbfa695e05d2" type="imswl_xmlv1p1">
      <file href="g76572a05950a8eda16eccbfa695e05d2.xml"/>
    </resource>
    <resource identifier="g8bbea6d1bdea6a611099375c35d43c67" type="imswl_xmlv1p1">
      <file href="g8bbea6d1bdea6a611099375c35d43c67.xml"/>
    </resource>
    <resource identifier="g5b8e1977b6755f0f52a7e5a52c6d39e2" type="imswl_xmlv1p1">
      <file href="g5b8e1977b6755f0f52a7e5a52c6d39e2.xml"/>
    </resource>
    <resource identifier="g6272f6019c79a6582d3defb4fbec2550" type="imswl_xmlv1p1">
      <file href="g6272f6019c79a6582d3defb4fbec2550.xml"/>
    </resource>
    <resource identifier="g96e4acac13910124cb678206dd63e61b" type="imswl_xmlv1p1">
      <file href="g96e4acac13910124cb678206dd63e61b.xml"/>
    </resource>
    <resource identifier="ga20c5e1bfa940077c2f21a122830abfa" type="imswl_xmlv1p1">
      <file href="ga20c5e1bfa940077c2f21a122830abfa.xml"/>
    </resource>
    <resource identifier="g3eff4747d8907c3a33a7ce79ecdc913d" type="imswl_xmlv1p1">
      <file href="g3eff4747d8907c3a33a7ce79ecdc913d.xml"/>
    </resource>
    <resource identifier="ge1e7a19928a74fe073b7ea43209fdb20" type="imswl_xmlv1p1">
      <file href="ge1e7a19928a74fe073b7ea43209fdb20.xml"/>
    </resource>
    <resource identifier="g29d08ce17d90ba1ca145e0afb929632e" type="imswl_xmlv1p1">
      <file href="g29d08ce17d90ba1ca145e0afb929632e.xml"/>
    </resource>
    <resource identifier="g136f2f9f5741aee710ecc2bdde279d39" type="imswl_xmlv1p1">
      <file href="g136f2f9f5741aee710ecc2bdde279d39.xml"/>
    </resource>
    <resource identifier="gbdfd7206e744e2c4cbf48934ba20b5d4" type="imswl_xmlv1p1">
      <file href="gbdfd7206e744e2c4cbf48934ba20b5d4.xml"/>
    </resource>
    <resource identifier="ge0e3965bf0ce770ffc67ca8bf7064094" type="imswl_xmlv1p1">
      <file href="ge0e3965bf0ce770ffc67ca8bf7064094.xml"/>
    </resource>
    <resource identifier="g0cc05bb103556b16109c5314c524196c" type="imswl_xmlv1p1">
      <file href="g0cc05bb103556b16109c5314c524196c.xml"/>
    </resource>
    <resource identifier="g196d0a19b205882751d3ce5e6bf8ab93" type="imswl_xmlv1p1">
      <file href="g196d0a19b205882751d3ce5e6bf8ab93.xml"/>
    </resource>
    <resource identifier="g5a85c030faf95519e72515157bba0446" type="imswl_xmlv1p1">
      <file href="g5a85c030faf95519e72515157bba0446.xml"/>
    </resource>
    <resource identifier="ge6ca1e1ee7a701f43a382708fb01c9cb" type="imswl_xmlv1p1">
      <file href="ge6ca1e1ee7a701f43a382708fb01c9cb.xml"/>
    </resource>
    <resource identifier="g3a3c951730d3ae9fd93ba8a328cda536" type="imswl_xmlv1p1">
      <file href="g3a3c951730d3ae9fd93ba8a328cda536.xml"/>
    </resource>
    <resource identifier="g013ad17681861b3f2fe087f81a9b773f" type="imswl_xmlv1p1">
      <file href="g013ad17681861b3f2fe087f81a9b773f.xml"/>
    </resource>
    <resource identifier="g570dc0bf7981c5ce264b31ed5962c708" type="imswl_xmlv1p1">
      <file href="g570dc0bf7981c5ce264b31ed5962c708.xml"/>
    </resource>
    <resource identifier="g8eb050abaeff2d30e4b017eb4428a23e" type="imswl_xmlv1p1">
      <file href="g8eb050abaeff2d30e4b017eb4428a23e.xml"/>
    </resource>
    <resource identifier="gd99d541211406cda1a9012ef9330ce24" type="imswl_xmlv1p1">
      <file href="gd99d541211406cda1a9012ef9330ce24.xml"/>
    </resource>
    <resource identifier="gc2085ca6e7c8db6861fdafe12307f28f" type="imswl_xmlv1p1">
      <file href="gc2085ca6e7c8db6861fdafe12307f28f.xml"/>
    </resource>
    <resource identifier="g1bdc4012fce7e6e0dfcbdd9a045744c1" type="imswl_xmlv1p1">
      <file href="g1bdc4012fce7e6e0dfcbdd9a045744c1.xml"/>
    </resource>
    <resource identifier="gcb288bf3f8015404bb49cc13df670b78" type="imswl_xmlv1p1">
      <file href="gcb288bf3f8015404bb49cc13df670b78.xml"/>
    </resource>
    <resource identifier="g5aaa7385270b9805b30b89912fbd0831" type="imswl_xmlv1p1">
      <file href="g5aaa7385270b9805b30b89912fbd0831.xml"/>
    </resource>
    <resource identifier="gaa3fbcca800ab4b7f18f25025086910a" type="imswl_xmlv1p1">
      <file href="gaa3fbcca800ab4b7f18f25025086910a.xml"/>
    </resource>
    <resource identifier="g05367cbcd8b152d1a382c1f9c208aca0" type="imswl_xmlv1p1">
      <file href="g05367cbcd8b152d1a382c1f9c208aca0.xml"/>
    </resource>
    <resource identifier="g9b611d9053bbf1bb978037da1edfb269" type="imsqti_xmlv1p2/imscc_xmlv1p1/assessment">
      <file href="g9b611d9053bbf1bb978037da1edfb269/assessment_qti.xml"/>
      <dependency identifierref="g6e128eb63fd87bd14f990afae49e479f"/>
    </resource>
    <resource identifier="g6e128eb63fd87bd14f990afae49e479f" type="associatedcontent/imscc_xmlv1p1/learning-application-resource" href="g9b611d9053bbf1bb978037da1edfb269/assessment_meta.xml">
      <file href="g9b611d9053bbf1bb978037da1edfb269/assessment_meta.xml"/>
      <file href="non_cc_assessments/g9b611d9053bbf1bb978037da1edfb269.xml.qti"/>
    </resource>
    <resource identifier="g4b92af9e23515ef85af459bd478efcb1" type="imsqti_xmlv1p2/imscc_xmlv1p1/assessment">
      <file href="g4b92af9e23515ef85af459bd478efcb1/assessment_qti.xml"/>
      <dependency identifierref="g58ddc017acec384e5515df903d600953"/>
    </resource>
    <resource identifier="g58ddc017acec384e5515df903d600953" type="associatedcontent/imscc_xmlv1p1/learning-application-resource" href="g4b92af9e23515ef85af459bd478efcb1/assessment_meta.xml">
      <file href="g4b92af9e23515ef85af459bd478efcb1/assessment_meta.xml"/>
      <file href="non_cc_assessments/g4b92af9e23515ef85af459bd478efcb1.xml.qti"/>
    </resource>
    <resource identifier="ga6a4d5aaf7df41252e9a6d3a360be1f1" type="imsqti_xmlv1p2/imscc_xmlv1p1/assessment">
      <file href="ga6a4d5aaf7df41252e9a6d3a360be1f1/assessment_qti.xml"/>
      <dependency identifierref="g3cc0d7b073f33438c7e72ec1b3c692c2"/>
    </resource>
    <resource identifier="g3cc0d7b073f33438c7e72ec1b3c692c2" type="associatedcontent/imscc_xmlv1p1/learning-application-resource" href="ga6a4d5aaf7df41252e9a6d3a360be1f1/assessment_meta.xml">
      <file href="ga6a4d5aaf7df41252e9a6d3a360be1f1/assessment_meta.xml"/>
      <file href="non_cc_assessments/ga6a4d5aaf7df41252e9a6d3a360be1f1.xml.qti"/>
    </resource>
    <resource identifier="gef92c3854c64bca834b9e08d1c87e164" type="imsqti_xmlv1p2/imscc_xmlv1p1/assessment">
      <file href="gef92c3854c64bca834b9e08d1c87e164/assessment_qti.xml"/>
      <dependency identifierref="g1109400bb68493284cb5c10c291d3670"/>
    </resource>
    <resource identifier="g1109400bb68493284cb5c10c291d3670" type="associatedcontent/imscc_xmlv1p1/learning-application-resource" href="gef92c3854c64bca834b9e08d1c87e164/assessment_meta.xml">
      <file href="gef92c3854c64bca834b9e08d1c87e164/assessment_meta.xml"/>
      <file href="non_cc_assessments/gef92c3854c64bca834b9e08d1c87e164.xml.qti"/>
    </resource>
    <resource type="webcontent" identifier="g1082340499582706f385e461da80ffbe" href="web_resources/AcadInteg word cloud.png">
      <file href="web_resources/AcadInteg word cloud.png"/>
    </resource>
    <resource type="webcontent" identifier="gff3efc304d02ecb845ea0937fd397025" href="web_resources/Customize text.png">
      <file href="web_resources/Customize text.png"/>
    </resource>
    <resource type="webcontent" identifier="g9b9449a7dc12fde48d2a320dcf044ba5" href="web_resources/DSPS image.png">
      <file href="web_resources/DSPS image.png"/>
    </resource>
    <resource type="webcontent" identifier="geec5dcb69ff812e55a8128fe747f0947" href="web_resources/DrIllowsky_Whitney.jpg">
      <file href="web_resources/DrIllowsky_Whitney.jpg"/>
    </resource>
    <resource type="webcontent" identifier="g507c6cec12abfaaf228ecf54b503cd3a" href="web_resources/Sample banner.png">
      <file href="web_resources/Sample banner.png"/>
    </resource>
    <resource type="webcontent" identifier="g500d5bb6a109ad05d37ca4f5c9652c95" href="web_resources/Video placeholder.png">
      <file href="web_resources/Video placeholder.png"/>
    </resource>
    <resource type="webcontent" identifier="g4b786391791470568ce0c7a897cb8aa4" href="web_resources/Your college logo.png">
      <file href="web_resources/Your college logo.png"/>
    </resource>
    <resource type="webcontent" identifier="gd26c9c44200bffc52e1782d9bb182b9b" href="web_resources/banner identifying this page as a sample version.png">
      <file href="web_resources/banner identifying this page as a sample version.png"/>
    </resource>
    <resource type="webcontent" identifier="g55e6ce062fcc62372252e7efeb231a42" href="web_resources/inbox.png">
      <file href="web_resources/inbox.png"/>
    </resource>
    <resource type="webcontent" identifier="gc1785a506521db9b8c35fb1ab0335b6a" href="web_resources/mouse on desk.jpg">
      <file href="web_resources/mouse on desk.jpg"/>
    </resource>
    <resource type="webcontent" identifier="gb0bed8441e7aeeacbe43d006339cca87" href="web_resources/netiquette.jpg">
      <file href="web_resources/netiquette.jpg"/>
    </resource>
    <resource type="webcontent" identifier="g0bed166677a022f5db370d28e44311f7" href="web_resources/onlineLearning.jpeg">
      <file href="web_resources/onlineLearning.jpeg"/>
    </resource>
    <resource type="webcontent" identifier="g3fb9236c4c1e5867011b834ec93c3085" href="web_resources/share.large.png">
      <file href="web_resources/share.large.png"/>
    </resource>
    <resource type="webcontent" identifier="ga80f9acb03e6b51f675d5c62e333015f" href="web_resources/eText New Version Tutorial/Newer Version of text.png">
      <file href="web_resources/eText New Version Tutorial/Newer Version of text.png"/>
    </resource>
    <resource type="webcontent" identifier="g8fd5923bd6736f02b5f1ce29a133450c" href="web_resources/Home Page images/Psych banner.v2.png">
      <file href="web_resources/Home Page images/Psych banner.v2.png"/>
    </resource>
    <resource type="webcontent" identifier="g546f8331bb2f0be277fc94276cb5ae60" href="web_resources/Home Page images/Start button.png">
      <file href="web_resources/Home Page images/Start button.png"/>
    </resource>
    <resource type="webcontent" identifier="gefb81092d53ce18e4b39ff1258b75b2a" href="web_resources/Home Page images/browser icon.png">
      <file href="web_resources/Home Page images/browser icon.png"/>
    </resource>
    <resource type="webcontent" identifier="g66463fd7b76bc0f815be19ca9728076e" href="web_resources/Home Page images/menu icon.png">
      <file href="web_resources/Home Page images/menu icon.png"/>
    </resource>
    <resource type="webcontent" identifier="g83697421b2278132ab72e7d263e4a8b1" href="web_resources/Home Page images/onlineLearning icon.png">
      <file href="web_resources/Home Page images/onlineLearning icon.png"/>
    </resource>
    <resource type="webcontent" identifier="gbca8d3d10cdf65af432e7fc5ef220271" href="web_resources/Home Page images/psych button.png">
      <file href="web_resources/Home Page images/psych button.png"/>
    </resource>
    <resource type="webcontent" identifier="g7709ab130bc0286aa3b19ce4fa58830b" href="web_resources/Home Page images/psych.jpg">
      <file href="web_resources/Home Page images/psych.jpg"/>
    </resource>
    <resource type="webcontent" identifier="g455f2ded398c68e28b18c55980b4bf28" href="web_resources/Home Page images/user icon.png">
      <file href="web_resources/Home Page images/user icon.png"/>
    </resource>
    <resource type="webcontent" identifier="gf6bb67463effd38945369b145ec2f64c" href="web_resources/Instructors: Read this First Module/Background Green_customization notes.png">
      <file href="web_resources/Instructors: Read this First Module/Background Green_customization notes.png"/>
    </resource>
    <resource type="webcontent" identifier="g470aeb91739cea3c16066f0361f24721" href="web_resources/Instructors: Read this First Module/Faculty Video Script Introduction.pdf">
      <file href="web_resources/Instructors: Read this First Module/Faculty Video Script Introduction.pdf"/>
    </resource>
    <resource type="webcontent" identifier="g03c1b384e2784d1176ae6aa4e8157470" href="web_resources/Instructors: Read this First Module/Accessibility Support/Barbara caption example.PNG">
      <file href="web_resources/Instructors: Read this First Module/Accessibility Support/Barbara caption example.PNG"/>
    </resource>
    <resource type="webcontent" identifier="gefeb2a85f13785c6a1ed99dde77c41be" href="web_resources/Instructors: Read this First Module/Accessibility Support/Caption Style Guide [1.1].pdf">
      <file href="web_resources/Instructors: Read this First Module/Accessibility Support/Caption Style Guide [1.1].pdf"/>
    </resource>
    <resource type="webcontent" identifier="gdb98b33fd4851e57a0b81b07c72d0eb0" href="web_resources/Instructors: Read this First Module/Accessibility Support/underconstruction.png">
      <file href="web_resources/Instructors: Read this First Module/Accessibility Support/underconstruction.png"/>
    </resource>
    <resource type="webcontent" identifier="g133e8cc287bcf5be28618732c658c34d" href="web_resources/course_image/OEI-logo-Horizontal-REVERSEsrgb.jpg">
      <file href="web_resources/course_image/OEI-logo-Horizontal-REVERSEsrgb.jpg"/>
    </resource>
    <resource type="webcontent" identifier="g6e1baabd238a053a764ec3066dd2b358" href="web_resources/course_image/Screen Shot 2017-10-08 at 4.04.12 PM.png">
      <file href="web_resources/course_image/Screen Shot 2017-10-08 at 4.04.12 PM.png"/>
    </resource>
    <resource type="webcontent" identifier="gc9260951bf4798335937e06de7b0096e" href="web_resources/course_image/Screen Shot 2017-10-08 at 4.05.10 PM.png">
      <file href="web_resources/course_image/Screen Shot 2017-10-08 at 4.05.10 PM.png"/>
    </resource>
    <resource type="webcontent" identifier="g3abba04ef189db433973f79465326faa" href="web_resources/course_image/Screen Shot 2017-10-08 at 4.06.40 PM.png">
      <file href="web_resources/course_image/Screen Shot 2017-10-08 at 4.06.40 PM.png"/>
    </resource>
    <resource type="webcontent" identifier="g41dd362fa61e98d2bd65efbc701b1912" href="web_resources/course_image/Screen Shot 2017-10-08 at 4.08.37 PM.png">
      <file href="web_resources/course_image/Screen Shot 2017-10-08 at 4.08.37 PM.png"/>
    </resource>
    <resource type="webcontent" identifier="ga89736dd752cd8a0ce604e225d3fb880" href="web_resources/course_image/Screen Shot 2017-10-08 at 4.10.12 PM.png">
      <file href="web_resources/course_image/Screen Shot 2017-10-08 at 4.10.12 PM.png"/>
    </resource>
    <resource type="webcontent" identifier="g032a25650090b83a44f0f1969a340743" href="web_resources/course_image/Screen Shot 2017-10-08 at 4.11.40 PM.png">
      <file href="web_resources/course_image/Screen Shot 2017-10-08 at 4.11.40 PM.png"/>
    </resource>
    <resource type="webcontent" identifier="g0df8b4db31cc7a96201e6e83424e2e72" href="web_resources/course_image/Screen Shot 2017-10-08 at 4.13.59 PM.png">
      <file href="web_resources/course_image/Screen Shot 2017-10-08 at 4.13.59 PM.png"/>
    </resource>
    <resource type="webcontent" identifier="gcaf26f91985fb40aeb07bb95540396bb" href="web_resources/course_image/cvc-oei logo.jpeg">
      <file href="web_resources/course_image/cvc-oei logo.jpeg"/>
    </resource>
    <resource type="webcontent" identifier="g4b41c7ac5a96ed521c3d50513ee7a3d3" href="web_resources/course_image/oei logo_small.jpg">
      <file href="web_resources/course_image/oei logo_small.jpg"/>
    </resource>
    <resource type="webcontent" identifier="g0fe432e9fbd70d710d67cbcc6e4d709e" href="web_resources/course_image/psychology-2e-314-x-178.png">
      <file href="web_resources/course_image/psychology-2e-314-x-178.png"/>
    </resource>
    <resource type="webcontent" identifier="gb3936d517eb039affc71d6c1157b8084" href="web_resources/course_banner/psychology.png">
      <file href="web_resources/course_banner/psychology.png"/>
    </resource>
    <resource type="webcontent" identifier="g8fe0f619afbac2158d1f816d5452ab3e" href="web_resources/course_banner/psychology-2e-314-x-178.png">
      <file href="web_resources/course_banner/psychology-2e-314-x-178.png"/>
    </resource>
    <resource type="webcontent" identifier="g458ea8451f0e7e3e62e4ff7023eaa85e" href="web_resources/course_banner/psychology-2e-847-x-90.png">
      <file href="web_resources/course_banner/psychology-2e-847-x-90.png"/>
    </resource>
    <resource type="webcontent" identifier="gf233718c4ed4ce381c4463a8e1628726" href="web_resources/Global Pictures &amp; Media/About Your Teacher.PNG">
      <file href="web_resources/Global Pictures &amp; Media/About Your Teacher.PNG"/>
    </resource>
    <resource type="webcontent" identifier="g6fdcec8106b6c81c1babeca43d868ae0" href="web_resources/Global Pictures &amp; Media/Course Overview.PNG">
      <file href="web_resources/Global Pictures &amp; Media/Course Overview.PNG"/>
    </resource>
    <resource type="webcontent" identifier="g95606b4e7d69244e0eb38b71560eb2de" href="web_resources/Global Pictures &amp; Media/Learner Modules.PNG">
      <file href="web_resources/Global Pictures &amp; Media/Learner Modules.PNG"/>
    </resource>
    <resource type="webcontent" identifier="g2cbc68850b740a178534065c1639eaa3" href="web_resources/Global Pictures &amp; Media/banner identifying this page as a sample version.png">
      <file href="web_resources/Global Pictures &amp; Media/banner identifying this page as a sample version.png"/>
    </resource>
    <resource type="webcontent" identifier="g9860c04490f46914430c0c7e3d952a3b" href="web_resources/Global Pictures &amp; Media/barbara illowsky.jpg">
      <file href="web_resources/Global Pictures &amp; Media/barbara illowsky.jpg"/>
    </resource>
    <resource type="webcontent" identifier="g95dc74ada3e638ed2d8369abb2ffd69a" href="web_resources/Global Pictures &amp; Media/underconstruction.png">
      <file href="web_resources/Global Pictures &amp; Media/underconstruction.png"/>
    </resource>
  </resources>
</manifest>
