<?xml version="1.0" encoding="UTF-8"?>
<assignment identifier="g54775a3c5be043633b089266ef832fbe" xmlns="http://www.imsglobal.org/xsd/imscc_extensions/assignment" xmlns:xsi="http://www.w3.org/2001/XMLSchema-instance" xsi:schemaLocation="http://www.imsglobal.org/xsd/imscc_extensions/assignment http://www.imsglobal.org/profile/cc/cc_extensions/cc_extresource_assignmentv1p0_v1p0.xsd">
  <title>Self-Assessment #3</title>
  <text texttype="text/html">&lt;p&gt;Answer these question prompts using complete sentences. Please number your answers.&lt;/p&gt;
&lt;ol&gt;
&lt;li&gt;One thing I’d do differently to be more successful in this class is. . .&lt;/li&gt;
&lt;li&gt;When I was feeling challenged in understanding a new concept, what I did to get “unstuck” was. . .&lt;/li&gt;
&lt;li&gt;One thing I'm doing really well in the course is. . .&lt;/li&gt;
&lt;li&gt;I think a fair grade for the work I’ve done in the course so far is. . . &lt;em&gt;(Explain why.)&lt;/em&gt;
&lt;/li&gt;
&lt;/ol&gt;
&lt;ul&gt;
&lt;/ul&gt;
&lt;ul&gt;
&lt;/ul&gt;
&lt;ul&gt;
&lt;/ul&gt;</text>
  <gradable points_possible="0.0">true</gradable>
  <submission_formats>
    <format type="html"/>
  </submission_formats>
  <extensions>
    <assignment identifier="g54775a3c5be043633b089266ef832fbe_canvas" xmlns="http://canvas.instructure.com/xsd/cccv1p0" xmlns:xsi="http://www.w3.org/2001/XMLSchema-instance" xsi:schemaLocation="http://canvas.instructure.com/xsd/cccv1p0 https://canvas.instructure.com/xsd/cccv1p0.xsd">
      <title>Self-Assessment #3</title>
      <due_at/>
      <lock_at/>
      <unlock_at/>
      <module_locked>false</module_locked>
      <assignment_group_identifierref>gd45cc0a1536b76f12392c4cccb554cac</assignment_group_identifierref>
      <workflow_state>unpublished</workflow_state>
      <assignment_overrides>
      </assignment_overrides>
      <allowed_extensions></allowed_extensions>
      <has_group_category>false</has_group_category>
      <points_possible>0.0</points_possible>
      <grading_type>points</grading_type>
      <all_day>false</all_day>
      <submission_types>online_text_entry</submission_types>
      <position>3</position>
      <turnitin_enabled>false</turnitin_enabled>
      <vericite_enabled>false</vericite_enabled>
      <peer_review_count>0</peer_review_count>
      <peer_reviews>false</peer_reviews>
      <automatic_peer_reviews>false</automatic_peer_reviews>
      <anonymous_peer_reviews>false</anonymous_peer_reviews>
      <grade_group_students_individually>false</grade_group_students_individually>
      <freeze_on_copy>false</freeze_on_copy>
      <omit_from_final_grade>false</omit_from_final_grade>
      <intra_group_peer_reviews>false</intra_group_peer_reviews>
      <only_visible_to_overrides>false</only_visible_to_overrides>
      <post_to_sis>false</post_to_sis>
      <moderated_grading>false</moderated_grading>
      <grader_count>0</grader_count>
      <grader_comments_visible_to_graders>true</grader_comments_visible_to_graders>
      <anonymous_grading>false</anonymous_grading>
      <graders_anonymous_to_graders>false</graders_anonymous_to_graders>
      <grader_names_visible_to_final_grader>true</grader_names_visible_to_final_grader>
      <anonymous_instructor_annotations>false</anonymous_instructor_annotations>
      <allowed_attempts>-1</allowed_attempts>
      <post_policy>
        <post_manually>false</post_manually>
      </post_policy>
    </assignment>
  </extensions>
</assignment>
