<?xml version="1.0" encoding="UTF-8"?>
<assignment identifier="g694134acf2cd8892d27821e01337c4a0" xmlns="http://www.imsglobal.org/xsd/imscc_extensions/assignment" xmlns:xsi="http://www.w3.org/2001/XMLSchema-instance" xsi:schemaLocation="http://www.imsglobal.org/xsd/imscc_extensions/assignment http://www.imsglobal.org/profile/cc/cc_extensions/cc_extresource_assignmentv1p0_v1p0.xsd">
  <title>SAMPLE - Updating Your Canvas Profile</title>
  <text texttype="text/html">&lt;table&gt;
&lt;tbody&gt;
&lt;tr&gt;
&lt;td&gt;&lt;img src="%24IMS-CC-FILEBASE%24/Global%20Pictures%20&amp;amp;%20Media/banner%20identifying%20this%20page%20as%20a%20sample%20version.png?canvas_download=1" alt="Sample Version Banner" width="804" height="402" data-api-endpoint="https://ccconlineed.instructure.com/api/v1$IMS-CC-FILEBASE$/Global%20Pictures%20&amp;amp;%20Media/banner%20identifying%20this%20page%20as%20a%20sample%20version.png" data-api-returntype="File"&gt;&lt;/td&gt;
&lt;/tr&gt;
&lt;/tbody&gt;
&lt;/table&gt;
&lt;p&gt;Please take a minute to update your profile information including a picture or avatar of yourself. You will be participating in numerous discussion forums throughout the course and having a picture along with the post helps build a sense of connection and community (which is so important in an online course).   For more information, read this &lt;a href="https://community.canvaslms.com/docs/DOC-10732"&gt;Canvas Guide about updating your profile&lt;/a&gt;.&lt;/p&gt;
&lt;ul&gt;
&lt;/ul&gt;</text>
  <gradable points_possible="0.0">true</gradable>
  <submission_formats>
  </submission_formats>
  <extensions>
    <assignment identifier="g694134acf2cd8892d27821e01337c4a0_canvas" xmlns="http://canvas.instructure.com/xsd/cccv1p0" xmlns:xsi="http://www.w3.org/2001/XMLSchema-instance" xsi:schemaLocation="http://canvas.instructure.com/xsd/cccv1p0 https://canvas.instructure.com/xsd/cccv1p0.xsd">
      <title>SAMPLE - Updating Your Canvas Profile</title>
      <due_at/>
      <lock_at/>
      <unlock_at/>
      <module_locked>false</module_locked>
      <assignment_group_identifierref>gd45cc0a1536b76f12392c4cccb554cac</assignment_group_identifierref>
      <workflow_state>unpublished</workflow_state>
      <assignment_overrides>
      </assignment_overrides>
      <allowed_extensions></allowed_extensions>
      <has_group_category>false</has_group_category>
      <points_possible>0.0</points_possible>
      <grading_type>points</grading_type>
      <all_day>false</all_day>
      <submission_types>none</submission_types>
      <position>5</position>
      <turnitin_enabled>false</turnitin_enabled>
      <vericite_enabled>false</vericite_enabled>
      <peer_review_count>0</peer_review_count>
      <peer_reviews>false</peer_reviews>
      <automatic_peer_reviews>false</automatic_peer_reviews>
      <anonymous_peer_reviews>false</anonymous_peer_reviews>
      <grade_group_students_individually>false</grade_group_students_individually>
      <freeze_on_copy>false</freeze_on_copy>
      <omit_from_final_grade>false</omit_from_final_grade>
      <intra_group_peer_reviews>false</intra_group_peer_reviews>
      <only_visible_to_overrides>false</only_visible_to_overrides>
      <post_to_sis>false</post_to_sis>
      <moderated_grading>false</moderated_grading>
      <grader_count>0</grader_count>
      <grader_comments_visible_to_graders>true</grader_comments_visible_to_graders>
      <anonymous_grading>false</anonymous_grading>
      <graders_anonymous_to_graders>false</graders_anonymous_to_graders>
      <grader_names_visible_to_final_grader>true</grader_names_visible_to_final_grader>
      <anonymous_instructor_annotations>false</anonymous_instructor_annotations>
      <allowed_attempts>-1</allowed_attempts>
      <post_policy>
        <post_manually>false</post_manually>
      </post_policy>
    </assignment>
  </extensions>
</assignment>
