<?xml version="1.0" encoding="UTF-8"?>
<assignmentGroups xmlns="http://canvas.instructure.com/xsd/cccv1p0" xmlns:xsi="http://www.w3.org/2001/XMLSchema-instance" xsi:schemaLocation="http://canvas.instructure.com/xsd/cccv1p0 https://canvas.instructure.com/xsd/cccv1p0.xsd">
  <assignmentGroup identifier="gd45cc0a1536b76f12392c4cccb554cac">
    <title>Assignments</title>
    <position>1</position>
    <group_weight>0.0</group_weight>
  </assignmentGroup>
  <assignmentGroup identifier="g6cbda4d53fa8d7aa67250b2325f78663">
    <title>Sample Surveys</title>
    <position>2</position>
    <group_weight>0.0</group_weight>
  </assignmentGroup>
</assignmentGroups>
