<?xml version="1.0" encoding="UTF-8"?>
<course identifier="gb9caf0121e7a143e7e6d255426d03cb9" xmlns="http://canvas.instructure.com/xsd/cccv1p0" xmlns:xsi="http://www.w3.org/2001/XMLSchema-instance" xsi:schemaLocation="http://canvas.instructure.com/xsd/cccv1p0 https://canvas.instructure.com/xsd/cccv1p0.xsd">
  <title>Palmiotto demo2</title>
  <course_code>Palmiotto demo2</course_code>
  <start_at>2020-05-19T00:44:07</start_at>
  <conclude_at/>
  <tab_configuration>[{"id":0},{"id":14},{"id":1},{"id":10},{"id":5},{"id":2,"hidden":true},{"id":8,"hidden":true},{"id":3,"hidden":true},{"id":12,"hidden":true},{"id":4,"hidden":true},{"id":6,"hidden":true},{"id":11,"hidden":true},{"id":15,"hidden":true},{"id":16,"hidden":true}]</tab_configuration>
  <image_identifier_ref>g0fe432e9fbd70d710d67cbcc6e4d709e</image_identifier_ref>
  <is_public>true</is_public>
  <public_syllabus>true</public_syllabus>
  <public_syllabus_to_auth>false</public_syllabus_to_auth>
  <allow_student_wiki_edits>false</allow_student_wiki_edits>
  <syllabus_course_summary>true</syllabus_course_summary>
  <allow_student_forum_attachments>false</allow_student_forum_attachments>
  <lock_all_announcements>false</lock_all_announcements>
  <default_wiki_editing_roles>teachers</default_wiki_editing_roles>
  <allow_student_organized_groups>true</allow_student_organized_groups>
  <default_view>wiki</default_view>
  <open_enrollment>false</open_enrollment>
  <filter_speed_grader_by_student_group>false</filter_speed_grader_by_student_group>
  <self_enrollment>false</self_enrollment>
  <license>cc_by</license>
  <indexed>true</indexed>
  <hide_final_grade>false</hide_final_grade>
  <hide_distribution_graphs>false</hide_distribution_graphs>
  <allow_student_discussion_topics>true</allow_student_discussion_topics>
  <allow_student_discussion_editing>true</allow_student_discussion_editing>
  <organize_epub_by_content_type>false</organize_epub_by_content_type>
  <show_announcements_on_home_page>false</show_announcements_on_home_page>
  <home_page_announcement_limit>3</home_page_announcement_limit>
  <usage_rights_required>false</usage_rights_required>
  <restrict_student_future_view>false</restrict_student_future_view>
  <restrict_student_past_view>false</restrict_student_past_view>
  <restrict_enrollments_to_course_dates>false</restrict_enrollments_to_course_dates>
  <grading_standard_enabled>false</grading_standard_enabled>
  <storage_quota>524288000</storage_quota>
  <overridden_course_visibility></overridden_course_visibility>
  <root_account_uuid>k3doT7szgmeQdSWLG04AN8efx1xPWzl59UR8XBIQ</root_account_uuid>
  <default_post_policy>
    <post_manually>false</post_manually>
  </default_post_policy>
</course>
