<?xml version="1.0" encoding="UTF-8"?>
<modules xmlns="http://canvas.instructure.com/xsd/cccv1p0" xmlns:xsi="http://www.w3.org/2001/XMLSchema-instance" xsi:schemaLocation="http://canvas.instructure.com/xsd/cccv1p0 https://canvas.instructure.com/xsd/cccv1p0.xsd">
  <module identifier="g28fe60bdff1371a611f22f538a7a7944">
    <title>Landing Page</title>
    <workflow_state>active</workflow_state>
    <position>1</position>
    <locked>false</locked>
    <items>
      <item identifier="g39686b844654ab59a4fa45c0f7ad19f1">
        <content_type>WikiPage</content_type>
        <workflow_state>active</workflow_state>
        <title>Welcome to Our Class!</title>
        <identifierref>gd0ac97b9962dd22e119e5af2f250af14</identifierref>
        <position>1</position>
        <new_tab>false</new_tab>
        <indent>0</indent>
      </item>
      <item identifier="gde42b9ba346a0af0b5e26058e3d98538">
        <content_type>WikiPage</content_type>
        <workflow_state>active</workflow_state>
        <title>Welcome to Our Class! (Alternate Front Page)</title>
        <identifierref>gef9b0d28082de26f34f41a75bf5c39e3</identifierref>
        <position>2</position>
        <new_tab>false</new_tab>
        <indent>0</indent>
      </item>
    </items>
  </module>
  <module identifier="g4c0bb25f1f17f01712f1db5fa33ac777">
    <title>INSTRUCTORS: Read This First!</title>
    <workflow_state>unpublished</workflow_state>
    <position>2</position>
    <locked>false</locked>
    <items>
      <item identifier="g3ac614c0fd10f8638c7e91237cbfdbb6">
        <content_type>ContextModuleSubHeader</content_type>
        <workflow_state>active</workflow_state>
        <title>Customization Support </title>
        <position>1</position>
        <new_tab>false</new_tab>
        <indent>0</indent>
      </item>
      <item identifier="ge5dc7cfe45c8ce717dc927c689dc5bc6">
        <content_type>WikiPage</content_type>
        <workflow_state>active</workflow_state>
        <title>How to Use This Sample Course Shell</title>
        <identifierref>g18b74e6720dff35e5be4d3569cad1b2d</identifierref>
        <position>2</position>
        <new_tab>false</new_tab>
        <indent>0</indent>
      </item>
      <item identifier="geea6dba0ef186c28412fce506e2e903f">
        <content_type>WikiPage</content_type>
        <workflow_state>active</workflow_state>
        <title>Do You Have Existing Canvas Course Content?</title>
        <identifierref>g0706d956040c99b500a01cd70a82bed1</identifierref>
        <position>3</position>
        <new_tab>false</new_tab>
        <indent>0</indent>
      </item>
      <item identifier="gcdfc26a0d625490bb78061dc3e8c7394">
        <content_type>WikiPage</content_type>
        <workflow_state>active</workflow_state>
        <title>One-Stop Resource Page</title>
        <identifierref>g4952360ebdb1a8bcee508f820059c19f</identifierref>
        <position>4</position>
        <new_tab>false</new_tab>
        <indent>0</indent>
      </item>
      <item identifier="g217b1c07ea6cfe03611a5d869351fd7b">
        <content_type>WikiPage</content_type>
        <workflow_state>active</workflow_state>
        <title>Canvas Course Commons</title>
        <identifierref>ge9ad665728d96a795f7ee9c54519c3c0</identifierref>
        <position>5</position>
        <new_tab>false</new_tab>
        <indent>0</indent>
      </item>
      <item identifier="g02ca68f6342fed791e5a00ba4cddafef">
        <content_type>ContextModuleSubHeader</content_type>
        <workflow_state>active</workflow_state>
        <title>Other Helpful Resources</title>
        <position>6</position>
        <new_tab>false</new_tab>
        <indent>0</indent>
      </item>
      <item identifier="g2cc08453def0d2b0d4b3781ce69d12de">
        <content_type>WikiPage</content_type>
        <workflow_state>active</workflow_state>
        <title>How to Record Your Welcome Video</title>
        <identifierref>g06bbf81c452f62f3ef97b6a8b52a3a40</identifierref>
        <position>7</position>
        <new_tab>false</new_tab>
        <indent>0</indent>
      </item>
      <item identifier="geeca4c4554b1c302359ca41f4b581bac">
        <content_type>WikiPage</content_type>
        <workflow_state>active</workflow_state>
        <title>Welcoming Students Before the Course Starts</title>
        <identifierref>g6b34cffba43a4cbc1f1ea39e0d5067b8</identifierref>
        <position>8</position>
        <new_tab>false</new_tab>
        <indent>0</indent>
      </item>
      <item identifier="gec9c2ab7cee1f22a9da5c13273941994">
        <content_type>WikiPage</content_type>
        <workflow_state>active</workflow_state>
        <title>Chapter Readings and PowerPoint Guidance</title>
        <identifierref>gcf7695a2bcafc1dda9b8318c23cf4122</identifierref>
        <position>9</position>
        <new_tab>false</new_tab>
        <indent>0</indent>
      </item>
      <item identifier="g05e7c5e2472f1686ee84bb34fe0f34aa">
        <content_type>ContextModuleSubHeader</content_type>
        <workflow_state>active</workflow_state>
        <title>Accessibility Support</title>
        <position>10</position>
        <new_tab>false</new_tab>
        <indent>0</indent>
      </item>
      <item identifier="gf0160b85f80ce4a2e3434c8aff062204">
        <content_type>WikiPage</content_type>
        <workflow_state>active</workflow_state>
        <title>Accessibility Disclaimer to Faculty</title>
        <identifierref>ga6cd39ac10ffabb955785289e9dcd3d9</identifierref>
        <position>11</position>
        <new_tab>false</new_tab>
        <indent>0</indent>
      </item>
      <item identifier="g6142a6c819abdf5ce49605943ab7341a">
        <content_type>WikiPage</content_type>
        <workflow_state>active</workflow_state>
        <title>Self-Paced Accessibility Courses</title>
        <identifierref>gf7420ce1a489a0db27d7447c2f892e0d</identifierref>
        <position>12</position>
        <new_tab>false</new_tab>
        <indent>0</indent>
      </item>
      <item identifier="g606e9694656645849e6c86bd0720c75d">
        <content_type>WikiPage</content_type>
        <workflow_state>active</workflow_state>
        <title>Captioning All Videos</title>
        <identifierref>g7e69b52d2aaa00b7138537768dee2153</identifierref>
        <position>13</position>
        <new_tab>false</new_tab>
        <indent>0</indent>
      </item>
    </items>
  </module>
  <module identifier="g4565e56a22b8307dc06d8e9a5e1243bc">
    <title>Getting Started (SAMPLE)</title>
    <workflow_state>unpublished</workflow_state>
    <position>3</position>
    <require_sequential_progress>false</require_sequential_progress>
    <locked>false</locked>
    <items>
      <item identifier="g3d97de713db6de4d52ee353ac0af6b19">
        <content_type>WikiPage</content_type>
        <workflow_state>active</workflow_state>
        <title>About Your Instructor</title>
        <identifierref>g9db5f73ea2b2dbd486600892d0e2ce99</identifierref>
        <position>2</position>
        <new_tab>false</new_tab>
        <indent>0</indent>
      </item>
      <item identifier="g0bdb84113d655f4ccce32cc7f8cfb033">
        <content_type>WikiPage</content_type>
        <workflow_state>active</workflow_state>
        <title>Being Successful in this Course</title>
        <identifierref>g839f0180047a7cac847796cc05a105b7</identifierref>
        <position>3</position>
        <new_tab>false</new_tab>
        <indent>0</indent>
      </item>
      <item identifier="g533263d50085a59d032a2780c8433909">
        <content_type>WikiPage</content_type>
        <workflow_state>active</workflow_state>
        <title>Getting Started with Canvas</title>
        <identifierref>g230a94949c6fa6689560aee730c28bd9</identifierref>
        <position>4</position>
        <new_tab>false</new_tab>
        <indent>0</indent>
      </item>
      <item identifier="gf7d159176d3a072bd132123d3ac3dff3">
        <content_type>WikiPage</content_type>
        <workflow_state>active</workflow_state>
        <title>Canvas Quick Links</title>
        <identifierref>gd91f5d1cca17d1db07d198170603561e</identifierref>
        <position>5</position>
        <new_tab>false</new_tab>
        <indent>0</indent>
      </item>
      <item identifier="ge5e735e1943cbeb9abe1459992ffe590">
        <content_type>WikiPage</content_type>
        <workflow_state>active</workflow_state>
        <title>Student Support Services</title>
        <identifierref>g542a48f37d4e709ef0156299d837e2b3</identifierref>
        <position>6</position>
        <new_tab>false</new_tab>
        <indent>0</indent>
      </item>
      <item identifier="g55a69e2a52ff8f2234bf85f33111215e">
        <content_type>WikiPage</content_type>
        <workflow_state>active</workflow_state>
        <title>Online Learning Resources</title>
        <identifierref>g2ce31de1d5713377c6d2a460c316005e</identifierref>
        <position>7</position>
        <new_tab>false</new_tab>
        <indent>0</indent>
      </item>
      <item identifier="g830d7ce611317735fd6f8cc24fde928b">
        <content_type>WikiPage</content_type>
        <workflow_state>active</workflow_state>
        <title>Tech Services &amp; Computer Resources</title>
        <identifierref>g5672ce5fef4461d0d900fb8644b5f7fa</identifierref>
        <position>8</position>
        <new_tab>false</new_tab>
        <indent>0</indent>
      </item>
    </items>
  </module>
  <module identifier="ged1c1e0a0c7dc71d6185902292f6e6c1">
    <title>Chapter 1: Introduction to Psychology</title>
    <workflow_state>unpublished</workflow_state>
    <position>4</position>
    <require_sequential_progress>false</require_sequential_progress>
    <locked>false</locked>
    <items>
      <item identifier="g967d9e158b1bf148b56d9c23204a2713">
        <content_type>ExternalUrl</content_type>
        <workflow_state>unpublished</workflow_state>
        <title>Introduction</title>
        <identifierref>g967d9e158b1bf148b56d9c23204a2713</identifierref>
        <url>https://openstax.org/books/psychology-2e/pages/1-introduction</url>
        <position>1</position>
        <new_tab>true</new_tab>
        <indent>1</indent>
      </item>
      <item identifier="g0a7a7bc1297034d93e245015b716ac67">
        <content_type>ExternalUrl</content_type>
        <workflow_state>unpublished</workflow_state>
        <title>1.1 What Is Psychology?</title>
        <identifierref>g0a7a7bc1297034d93e245015b716ac67</identifierref>
        <url>https://openstax.org/books/psychology-2e/pages/1-1-what-is-psychology</url>
        <position>2</position>
        <new_tab>true</new_tab>
        <indent>1</indent>
      </item>
      <item identifier="g5fafac18277c39d9df530a05d7ac7794">
        <content_type>ExternalUrl</content_type>
        <workflow_state>unpublished</workflow_state>
        <title>1.2 History of Psychology</title>
        <identifierref>g5fafac18277c39d9df530a05d7ac7794</identifierref>
        <url>https://openstax.org/books/psychology-2e/pages/1-2-history-of-psychology</url>
        <position>3</position>
        <new_tab>true</new_tab>
        <indent>1</indent>
      </item>
      <item identifier="gb906072a8b88fa96c432492ad166ce26">
        <content_type>ExternalUrl</content_type>
        <workflow_state>unpublished</workflow_state>
        <title>1.3 Contemporary Psychology</title>
        <identifierref>gb906072a8b88fa96c432492ad166ce26</identifierref>
        <url>https://openstax.org/books/psychology-2e/pages/1-3-contemporary-psychology</url>
        <position>4</position>
        <new_tab>true</new_tab>
        <indent>1</indent>
      </item>
      <item identifier="g9801ef07502019cb4c93c7db532220a8">
        <content_type>ExternalUrl</content_type>
        <workflow_state>unpublished</workflow_state>
        <title>1.4 Careers in Psychology</title>
        <identifierref>g9801ef07502019cb4c93c7db532220a8</identifierref>
        <url>https://openstax.org/books/psychology-2e/pages/1-4-careers-in-psychology</url>
        <position>5</position>
        <new_tab>true</new_tab>
        <indent>1</indent>
      </item>
    </items>
  </module>
  <module identifier="gdc02c8d0a87044f31dd9feefb3f3c7b1">
    <title>Chapter 2: Psychological Research</title>
    <workflow_state>unpublished</workflow_state>
    <position>5</position>
    <require_sequential_progress>false</require_sequential_progress>
    <locked>false</locked>
    <items>
      <item identifier="g021885e1e9e08cbadf248020a05d691e">
        <content_type>ExternalUrl</content_type>
        <workflow_state>unpublished</workflow_state>
        <title>Introduction</title>
        <identifierref>g021885e1e9e08cbadf248020a05d691e</identifierref>
        <url>https://openstax.org/books/psychology-2e/pages/2-introduction</url>
        <position>1</position>
        <new_tab>true</new_tab>
        <indent>1</indent>
      </item>
      <item identifier="g7e5940aed533304fdd30388483056169">
        <content_type>ExternalUrl</content_type>
        <workflow_state>unpublished</workflow_state>
        <title>2.1 Why Is Research Important?</title>
        <identifierref>g7e5940aed533304fdd30388483056169</identifierref>
        <url>https://openstax.org/books/psychology-2e/pages/2-1-why-is-research-important</url>
        <position>2</position>
        <new_tab>true</new_tab>
        <indent>1</indent>
      </item>
      <item identifier="g89e515572aaa67e3d710f421daa850e5">
        <content_type>ExternalUrl</content_type>
        <workflow_state>unpublished</workflow_state>
        <title>2.2 Approaches to Research</title>
        <identifierref>g89e515572aaa67e3d710f421daa850e5</identifierref>
        <url>https://openstax.org/books/psychology-2e/pages/2-2-approaches-to-research</url>
        <position>3</position>
        <new_tab>true</new_tab>
        <indent>1</indent>
      </item>
      <item identifier="ga4d5eeab4c7d7286b48952511b197308">
        <content_type>ExternalUrl</content_type>
        <workflow_state>unpublished</workflow_state>
        <title>2.3 Analyzing Findings</title>
        <identifierref>ga4d5eeab4c7d7286b48952511b197308</identifierref>
        <url>https://openstax.org/books/psychology-2e/pages/2-3-analyzing-findings</url>
        <position>4</position>
        <new_tab>true</new_tab>
        <indent>1</indent>
      </item>
      <item identifier="g06f881f31936888d8fb009a7037f5313">
        <content_type>ExternalUrl</content_type>
        <workflow_state>unpublished</workflow_state>
        <title>2.4 Ethics</title>
        <identifierref>g06f881f31936888d8fb009a7037f5313</identifierref>
        <url>https://openstax.org/books/psychology-2e/pages/2-4-ethics</url>
        <position>5</position>
        <new_tab>true</new_tab>
        <indent>1</indent>
      </item>
    </items>
  </module>
  <module identifier="gb5763fea6248a6ea5789b63d12d7900e">
    <title>Chapter 3: Biopsychology</title>
    <workflow_state>unpublished</workflow_state>
    <position>6</position>
    <require_sequential_progress>false</require_sequential_progress>
    <locked>false</locked>
    <items>
      <item identifier="gcfd11f72e795676ef25eca83e23b7576">
        <content_type>ExternalUrl</content_type>
        <workflow_state>unpublished</workflow_state>
        <title>Introduction</title>
        <identifierref>gcfd11f72e795676ef25eca83e23b7576</identifierref>
        <url>https://openstax.org/books/psychology-2e/pages/3-introduction</url>
        <position>1</position>
        <new_tab>true</new_tab>
        <indent>1</indent>
      </item>
      <item identifier="g04677cb071ea20914da210fcd73dd561">
        <content_type>ExternalUrl</content_type>
        <workflow_state>unpublished</workflow_state>
        <title>3.1 Human Genetics</title>
        <identifierref>g04677cb071ea20914da210fcd73dd561</identifierref>
        <url>https://openstax.org/books/psychology-2e/pages/3-1-human-genetics#73542</url>
        <position>2</position>
        <new_tab>true</new_tab>
        <indent>1</indent>
      </item>
      <item identifier="g954cb64f83d53f102186eaf897385fea">
        <content_type>ExternalUrl</content_type>
        <workflow_state>unpublished</workflow_state>
        <title>3.2 Cells of the Nervous System</title>
        <identifierref>g954cb64f83d53f102186eaf897385fea</identifierref>
        <url>https://openstax.org/books/psychology-2e/pages/3-2-cells-of-the-nervous-system</url>
        <position>3</position>
        <new_tab>true</new_tab>
        <indent>1</indent>
      </item>
      <item identifier="g4df9b9c4b86c746139744d83727308ff">
        <content_type>ExternalUrl</content_type>
        <workflow_state>unpublished</workflow_state>
        <title>3.3 Parts of the Nervous System</title>
        <identifierref>g4df9b9c4b86c746139744d83727308ff</identifierref>
        <url>https://openstax.org/books/psychology-2e/pages/3-3-parts-of-the-nervous-system</url>
        <position>4</position>
        <new_tab>true</new_tab>
        <indent>1</indent>
      </item>
      <item identifier="gbd2d4818d7b3bc586ab0d21946bccd85">
        <content_type>ExternalUrl</content_type>
        <workflow_state>unpublished</workflow_state>
        <title>3.4 The Brain and Spinal Cord</title>
        <identifierref>gbd2d4818d7b3bc586ab0d21946bccd85</identifierref>
        <url>https://openstax.org/books/psychology-2e/pages/3-4-the-brain-and-spinal-cord</url>
        <position>5</position>
        <new_tab>true</new_tab>
        <indent>1</indent>
      </item>
      <item identifier="g43b4c86dcbe02c70d5bf99108a02141d">
        <content_type>ExternalUrl</content_type>
        <workflow_state>unpublished</workflow_state>
        <title>3.5 The Endocrine System</title>
        <identifierref>g43b4c86dcbe02c70d5bf99108a02141d</identifierref>
        <url>https://openstax.org/books/psychology-2e/pages/3-5-the-endocrine-system</url>
        <position>6</position>
        <new_tab>true</new_tab>
        <indent>1</indent>
      </item>
    </items>
  </module>
  <module identifier="g9e9cf169d83f09b753ff74b6674df370">
    <title>Chapter 4: States of Consciousness</title>
    <workflow_state>unpublished</workflow_state>
    <position>7</position>
    <require_sequential_progress>false</require_sequential_progress>
    <locked>false</locked>
    <items>
      <item identifier="g6e168835717866a72d89864e5ea2756d">
        <content_type>ExternalUrl</content_type>
        <workflow_state>unpublished</workflow_state>
        <title>Introduction</title>
        <identifierref>g6e168835717866a72d89864e5ea2756d</identifierref>
        <url>https://openstax.org/books/psychology-2e/pages/4-introduction</url>
        <position>1</position>
        <new_tab>true</new_tab>
        <indent>1</indent>
      </item>
      <item identifier="g7df64cdfbf7494c079f00cc69321e589">
        <content_type>ExternalUrl</content_type>
        <workflow_state>unpublished</workflow_state>
        <title>4.1 What Is Consciousness?</title>
        <identifierref>g7df64cdfbf7494c079f00cc69321e589</identifierref>
        <url>https://openstax.org/books/psychology-2e/pages/4-1-what-is-consciousness</url>
        <position>2</position>
        <new_tab>true</new_tab>
        <indent>1</indent>
      </item>
      <item identifier="g471a13d727c05ee67bd85d1b8cc9be79">
        <content_type>ExternalUrl</content_type>
        <workflow_state>unpublished</workflow_state>
        <title>4.2 Sleep and Why We Sleep</title>
        <identifierref>g471a13d727c05ee67bd85d1b8cc9be79</identifierref>
        <url>https://openstax.org/books/psychology-2e/pages/4-2-sleep-and-why-we-sleep</url>
        <position>3</position>
        <new_tab>true</new_tab>
        <indent>1</indent>
      </item>
      <item identifier="g075d36b574764c1e1a9d2e1c7e3779d1">
        <content_type>ExternalUrl</content_type>
        <workflow_state>unpublished</workflow_state>
        <title>4.3 Stages of Sleep</title>
        <identifierref>g075d36b574764c1e1a9d2e1c7e3779d1</identifierref>
        <url>https://openstax.org/books/psychology-2e/pages/4-3-stages-of-sleep</url>
        <position>4</position>
        <new_tab>true</new_tab>
        <indent>1</indent>
      </item>
      <item identifier="g02f3228391784904ce4ff76df6622197">
        <content_type>ExternalUrl</content_type>
        <workflow_state>unpublished</workflow_state>
        <title>4.4 Sleep Problems and Disorders</title>
        <identifierref>g02f3228391784904ce4ff76df6622197</identifierref>
        <url>https://openstax.org/books/psychology-2e/pages/4-4-sleep-problems-and-disorders</url>
        <position>5</position>
        <new_tab>true</new_tab>
        <indent>1</indent>
      </item>
      <item identifier="ga53cc2494b1430b047502e526ecee0c7">
        <content_type>ExternalUrl</content_type>
        <workflow_state>unpublished</workflow_state>
        <title>4.5 Substance Use and Abuse</title>
        <identifierref>ga53cc2494b1430b047502e526ecee0c7</identifierref>
        <url>https://openstax.org/books/psychology-2e/pages/4-5-substance-use-and-abuse</url>
        <position>6</position>
        <new_tab>true</new_tab>
        <indent>1</indent>
      </item>
      <item identifier="g539cd33a9c0c29a9637f3455908ada16">
        <content_type>ExternalUrl</content_type>
        <workflow_state>unpublished</workflow_state>
        <title>4.6 Other States of Consciousness</title>
        <identifierref>g539cd33a9c0c29a9637f3455908ada16</identifierref>
        <url>https://openstax.org/books/psychology-2e/pages/4-6-other-states-of-consciousness</url>
        <position>7</position>
        <new_tab>true</new_tab>
        <indent>1</indent>
      </item>
    </items>
  </module>
  <module identifier="ga8dffc6f285e75b240e61f3acb51b481">
    <title>Chapter 5: Sensation and Perception</title>
    <workflow_state>unpublished</workflow_state>
    <position>8</position>
    <require_sequential_progress>false</require_sequential_progress>
    <locked>false</locked>
    <items>
      <item identifier="g2a58f1ab34d2b546a4687af82317dc8c">
        <content_type>ExternalUrl</content_type>
        <workflow_state>unpublished</workflow_state>
        <title>Introduction</title>
        <identifierref>g2a58f1ab34d2b546a4687af82317dc8c</identifierref>
        <url>https://openstax.org/books/psychology-2e/pages/5-introduction</url>
        <position>1</position>
        <new_tab>true</new_tab>
        <indent>1</indent>
      </item>
      <item identifier="g05cfe0049357a209ede3664d896089aa">
        <content_type>ExternalUrl</content_type>
        <workflow_state>unpublished</workflow_state>
        <title>5.1 Sensation versus Perception</title>
        <identifierref>g05cfe0049357a209ede3664d896089aa</identifierref>
        <url>https://openstax.org/books/psychology-2e/pages/5-1-sensation-versus-perception</url>
        <position>2</position>
        <new_tab>true</new_tab>
        <indent>1</indent>
      </item>
      <item identifier="g4036cce0ffa394ee2046448d29edf180">
        <content_type>ExternalUrl</content_type>
        <workflow_state>unpublished</workflow_state>
        <title>5.2 Waves and Wavelengths</title>
        <identifierref>g4036cce0ffa394ee2046448d29edf180</identifierref>
        <url>https://openstax.org/books/psychology-2e/pages/5-2-waves-and-wavelengths</url>
        <position>3</position>
        <new_tab>true</new_tab>
        <indent>1</indent>
      </item>
      <item identifier="g3f0605272485c2fcc5a1d723d8a1fc4c">
        <content_type>ExternalUrl</content_type>
        <workflow_state>unpublished</workflow_state>
        <title>5.3 Vision</title>
        <identifierref>g3f0605272485c2fcc5a1d723d8a1fc4c</identifierref>
        <url>https://openstax.org/books/psychology-2e/pages/5-3-vision</url>
        <position>4</position>
        <new_tab>true</new_tab>
        <indent>1</indent>
      </item>
      <item identifier="g50ea673898e89a0f61ae115863219d36">
        <content_type>ExternalUrl</content_type>
        <workflow_state>unpublished</workflow_state>
        <title>5.4 Hearing</title>
        <identifierref>g50ea673898e89a0f61ae115863219d36</identifierref>
        <url>https://openstax.org/books/psychology-2e/pages/5-4-hearing</url>
        <position>5</position>
        <new_tab>true</new_tab>
        <indent>1</indent>
      </item>
      <item identifier="g0361a9923b8e2613ef60f8343cf05136">
        <content_type>ExternalUrl</content_type>
        <workflow_state>unpublished</workflow_state>
        <title>5.5 The Other Senses</title>
        <identifierref>g0361a9923b8e2613ef60f8343cf05136</identifierref>
        <url>https://openstax.org/books/psychology-2e/pages/5-5-the-other-senses</url>
        <position>6</position>
        <new_tab>true</new_tab>
        <indent>1</indent>
      </item>
      <item identifier="g5a328d5dd4aa1beba988cb247aa0199b">
        <content_type>ExternalUrl</content_type>
        <workflow_state>unpublished</workflow_state>
        <title>5.6 Gestalt Principles of Perception</title>
        <identifierref>g5a328d5dd4aa1beba988cb247aa0199b</identifierref>
        <url>https://openstax.org/books/psychology-2e/pages/5-6-gestalt-principles-of-perception</url>
        <position>7</position>
        <new_tab>true</new_tab>
        <indent>1</indent>
      </item>
    </items>
  </module>
  <module identifier="g858f199176bd8fd7e958a5227e65b39b">
    <title>Chapter 6: Learning</title>
    <workflow_state>unpublished</workflow_state>
    <position>9</position>
    <require_sequential_progress>false</require_sequential_progress>
    <locked>false</locked>
    <items>
      <item identifier="gce750bb2dabcea0f5ef3b2dfe174017a">
        <content_type>ExternalUrl</content_type>
        <workflow_state>unpublished</workflow_state>
        <title>Introduction</title>
        <identifierref>gce750bb2dabcea0f5ef3b2dfe174017a</identifierref>
        <url>https://openstax.org/books/psychology-2e/pages/6-introduction</url>
        <position>1</position>
        <new_tab>true</new_tab>
        <indent>1</indent>
      </item>
      <item identifier="g747a7c1f72afa75012ffa6fa82b1005b">
        <content_type>ExternalUrl</content_type>
        <workflow_state>unpublished</workflow_state>
        <title>6.1 What Is Learning?</title>
        <identifierref>g747a7c1f72afa75012ffa6fa82b1005b</identifierref>
        <url>https://openstax.org/books/psychology-2e/pages/6-1-what-is-learning#84675</url>
        <position>2</position>
        <new_tab>true</new_tab>
        <indent>1</indent>
      </item>
      <item identifier="g9e34bfdeb270720e5ed6494eaba35a85">
        <content_type>ExternalUrl</content_type>
        <workflow_state>unpublished</workflow_state>
        <title>6.2 Classical Conditioning</title>
        <identifierref>g9e34bfdeb270720e5ed6494eaba35a85</identifierref>
        <url>https://openstax.org/books/psychology-2e/pages/6-2-classical-conditioning</url>
        <position>3</position>
        <new_tab>true</new_tab>
        <indent>1</indent>
      </item>
      <item identifier="g40f50cf659bf20fc95831f04c65baafd">
        <content_type>ExternalUrl</content_type>
        <workflow_state>unpublished</workflow_state>
        <title>6.3 Operant Conditioning</title>
        <identifierref>g40f50cf659bf20fc95831f04c65baafd</identifierref>
        <url>https://openstax.org/books/psychology-2e/pages/6-3-operant-conditioning</url>
        <position>4</position>
        <new_tab>true</new_tab>
        <indent>1</indent>
      </item>
      <item identifier="gbac7609244f6dbe83729f5207eb36091">
        <content_type>ExternalUrl</content_type>
        <workflow_state>unpublished</workflow_state>
        <title>6.4 Observational Learning (Modeling)</title>
        <identifierref>gbac7609244f6dbe83729f5207eb36091</identifierref>
        <url>https://openstax.org/books/psychology-2e/pages/6-4-observational-learning-modeling</url>
        <position>5</position>
        <new_tab>true</new_tab>
        <indent>1</indent>
      </item>
    </items>
  </module>
  <module identifier="g1be15f03ea6a561c6b17c0043ee0d189">
    <title>Chapter 7: Thinking and Intelligence</title>
    <workflow_state>unpublished</workflow_state>
    <position>10</position>
    <require_sequential_progress>false</require_sequential_progress>
    <locked>false</locked>
    <items>
      <item identifier="g4cc005fa89c002e7ee8d07a8700f03fc">
        <content_type>ExternalUrl</content_type>
        <workflow_state>unpublished</workflow_state>
        <title>Introduction</title>
        <identifierref>g4cc005fa89c002e7ee8d07a8700f03fc</identifierref>
        <url>https://openstax.org/books/psychology-2e/pages/7-introduction</url>
        <position>1</position>
        <new_tab>true</new_tab>
        <indent>1</indent>
      </item>
      <item identifier="gf7ca63748b129bb00702ffe5fcca9146">
        <content_type>ExternalUrl</content_type>
        <workflow_state>unpublished</workflow_state>
        <title>7.1 What Is Cognition?</title>
        <identifierref>gf7ca63748b129bb00702ffe5fcca9146</identifierref>
        <url>https://openstax.org/books/psychology-2e/pages/7-1-what-is-cognition</url>
        <position>2</position>
        <new_tab>true</new_tab>
        <indent>1</indent>
      </item>
      <item identifier="g7b0ce768df234ccca6f2f032b4aeb302">
        <content_type>ExternalUrl</content_type>
        <workflow_state>unpublished</workflow_state>
        <title>7.2 Language</title>
        <identifierref>g7b0ce768df234ccca6f2f032b4aeb302</identifierref>
        <url>https://openstax.org/books/psychology-2e/pages/7-2-language</url>
        <position>3</position>
        <new_tab>true</new_tab>
        <indent>1</indent>
      </item>
      <item identifier="g7d791779f160fa31702ec1439f14de32">
        <content_type>ExternalUrl</content_type>
        <workflow_state>unpublished</workflow_state>
        <title>7.3 Problem Solving</title>
        <identifierref>g7d791779f160fa31702ec1439f14de32</identifierref>
        <url>https://openstax.org/books/psychology-2e/pages/7-3-problem-solving</url>
        <position>4</position>
        <new_tab>true</new_tab>
        <indent>1</indent>
      </item>
      <item identifier="g079bab1b400b7b55e298383e15d6cf5b">
        <content_type>ExternalUrl</content_type>
        <workflow_state>unpublished</workflow_state>
        <title>7.4 What Are Intelligence and Creativity?</title>
        <identifierref>g079bab1b400b7b55e298383e15d6cf5b</identifierref>
        <url>https://openstax.org/books/psychology-2e/pages/7-4-what-are-intelligence-and-creativity</url>
        <position>5</position>
        <new_tab>true</new_tab>
        <indent>1</indent>
      </item>
      <item identifier="g169159483421b0bed5f3931916025fbb">
        <content_type>ExternalUrl</content_type>
        <workflow_state>unpublished</workflow_state>
        <title>7.5 Measures of Intelligence</title>
        <identifierref>g169159483421b0bed5f3931916025fbb</identifierref>
        <url>https://openstax.org/books/psychology-2e/pages/7-5-measures-of-intelligence</url>
        <position>6</position>
        <new_tab>true</new_tab>
        <indent>1</indent>
      </item>
      <item identifier="gfad007804948c7d9aca60abf6bee9c01">
        <content_type>ExternalUrl</content_type>
        <workflow_state>unpublished</workflow_state>
        <title>7.6 The Source of Intelligence</title>
        <identifierref>gfad007804948c7d9aca60abf6bee9c01</identifierref>
        <url>https://openstax.org/books/psychology-2e/pages/7-6-the-source-of-intelligence</url>
        <position>7</position>
        <new_tab>true</new_tab>
        <indent>1</indent>
      </item>
    </items>
  </module>
  <module identifier="g5e3e011b234374f7fc66a5ee29ae782b">
    <title>Chapter 8: Memory</title>
    <workflow_state>unpublished</workflow_state>
    <position>11</position>
    <require_sequential_progress>false</require_sequential_progress>
    <locked>false</locked>
    <items>
      <item identifier="g669ebe94f7c21f0072bd5a83d11dc646">
        <content_type>ExternalUrl</content_type>
        <workflow_state>unpublished</workflow_state>
        <title>Introduction</title>
        <identifierref>g669ebe94f7c21f0072bd5a83d11dc646</identifierref>
        <url>https://openstax.org/books/psychology-2e/pages/8-introduction</url>
        <position>1</position>
        <new_tab>true</new_tab>
        <indent>1</indent>
      </item>
      <item identifier="g551d18695b23515a51197515e0cbff1d">
        <content_type>ExternalUrl</content_type>
        <workflow_state>unpublished</workflow_state>
        <title>8.1 How Memory Functions</title>
        <identifierref>g551d18695b23515a51197515e0cbff1d</identifierref>
        <url>https://openstax.org/books/psychology-2e/pages/8-1-how-memory-functions</url>
        <position>2</position>
        <new_tab>true</new_tab>
        <indent>1</indent>
      </item>
      <item identifier="g5f63908ff4b650d0971ce6100de2393c">
        <content_type>ExternalUrl</content_type>
        <workflow_state>unpublished</workflow_state>
        <title>8.2 Parts of the Brain Involved with Memory</title>
        <identifierref>g5f63908ff4b650d0971ce6100de2393c</identifierref>
        <url>https://openstax.org/books/psychology-2e/pages/8-2-parts-of-the-brain-involved-with-memory</url>
        <position>3</position>
        <new_tab>true</new_tab>
        <indent>1</indent>
      </item>
      <item identifier="gcdb07dd4e59971ffecea32e05f4a2193">
        <content_type>ExternalUrl</content_type>
        <workflow_state>unpublished</workflow_state>
        <title>8.3 Problems with Memory</title>
        <identifierref>gcdb07dd4e59971ffecea32e05f4a2193</identifierref>
        <url>https://openstax.org/books/psychology-2e/pages/8-3-problems-with-memory</url>
        <position>4</position>
        <new_tab>true</new_tab>
        <indent>1</indent>
      </item>
      <item identifier="g07134a0a6f451c881e74be6d37dc5e73">
        <content_type>ExternalUrl</content_type>
        <workflow_state>unpublished</workflow_state>
        <title>8.4 Ways to Enhance Memory</title>
        <identifierref>g07134a0a6f451c881e74be6d37dc5e73</identifierref>
        <url>https://openstax.org/books/psychology-2e/pages/8-4-ways-to-enhance-memory</url>
        <position>5</position>
        <new_tab>true</new_tab>
        <indent>1</indent>
      </item>
    </items>
  </module>
  <module identifier="gbca37d659ede639f6df1d29bc79f1937">
    <title>Chapter 9: Lifespan Development</title>
    <workflow_state>unpublished</workflow_state>
    <position>12</position>
    <require_sequential_progress>false</require_sequential_progress>
    <locked>false</locked>
    <items>
      <item identifier="gbe71aa414f00c08d33a986d48e298a66">
        <content_type>ExternalUrl</content_type>
        <workflow_state>unpublished</workflow_state>
        <title>Introduction</title>
        <identifierref>gbe71aa414f00c08d33a986d48e298a66</identifierref>
        <url>https://openstax.org/books/psychology-2e/pages/9-introduction</url>
        <position>1</position>
        <new_tab>true</new_tab>
        <indent>1</indent>
      </item>
      <item identifier="g6b266b241ebbef3212350f3ce93239d3">
        <content_type>ExternalUrl</content_type>
        <workflow_state>unpublished</workflow_state>
        <title>9.1 What Is Lifespan Development?</title>
        <identifierref>g6b266b241ebbef3212350f3ce93239d3</identifierref>
        <url>https://openstax.org/books/psychology-2e/pages/9-1-what-is-lifespan-development</url>
        <position>2</position>
        <new_tab>true</new_tab>
        <indent>1</indent>
      </item>
      <item identifier="gdef96978501d5449287a3701d584facf">
        <content_type>ExternalUrl</content_type>
        <workflow_state>unpublished</workflow_state>
        <title>9.2 Lifespan Theories</title>
        <identifierref>gdef96978501d5449287a3701d584facf</identifierref>
        <url>https://openstax.org/books/psychology-2e/pages/9-2-lifespan-theories</url>
        <position>3</position>
        <new_tab>true</new_tab>
        <indent>1</indent>
      </item>
      <item identifier="gee73994ba940944350ece2255793e62d">
        <content_type>ExternalUrl</content_type>
        <workflow_state>unpublished</workflow_state>
        <title>9.3 Stages of Development</title>
        <identifierref>gee73994ba940944350ece2255793e62d</identifierref>
        <url>https://openstax.org/books/psychology-2e/pages/9-3-stages-of-development</url>
        <position>4</position>
        <new_tab>true</new_tab>
        <indent>1</indent>
      </item>
      <item identifier="gb6f7dca31b3986a897c8361b62d3972e">
        <content_type>ExternalUrl</content_type>
        <workflow_state>unpublished</workflow_state>
        <title>9.4 Death and Dying</title>
        <identifierref>gb6f7dca31b3986a897c8361b62d3972e</identifierref>
        <url>https://openstax.org/books/psychology-2e/pages/9-4-death-and-dying</url>
        <position>5</position>
        <new_tab>true</new_tab>
        <indent>1</indent>
      </item>
    </items>
  </module>
  <module identifier="g3613cba5eb0018de1c9c911f20611aee">
    <title>Chapter 10: Emotion and Motivation</title>
    <workflow_state>unpublished</workflow_state>
    <position>13</position>
    <require_sequential_progress>false</require_sequential_progress>
    <locked>false</locked>
    <items>
      <item identifier="gefcc2c21a534c26a28f9f8638abc3801">
        <content_type>ExternalUrl</content_type>
        <workflow_state>unpublished</workflow_state>
        <title>Introduction</title>
        <identifierref>gefcc2c21a534c26a28f9f8638abc3801</identifierref>
        <url>https://openstax.org/books/psychology-2e/pages/10-introduction</url>
        <position>1</position>
        <new_tab>true</new_tab>
        <indent>1</indent>
      </item>
      <item identifier="g0791e69f8d90976237ac041c8e60e36e">
        <content_type>ExternalUrl</content_type>
        <workflow_state>unpublished</workflow_state>
        <title>10.1 Motivation</title>
        <identifierref>g0791e69f8d90976237ac041c8e60e36e</identifierref>
        <url>https://openstax.org/books/psychology-2e/pages/10-1-motivation</url>
        <position>2</position>
        <new_tab>true</new_tab>
        <indent>1</indent>
      </item>
      <item identifier="gbde925d0101abb0c9b905fa3dc8e1fa7">
        <content_type>ExternalUrl</content_type>
        <workflow_state>unpublished</workflow_state>
        <title>10.2 Hunger and Eating</title>
        <identifierref>gbde925d0101abb0c9b905fa3dc8e1fa7</identifierref>
        <url>https://openstax.org/books/psychology-2e/pages/10-2-hunger-and-eating</url>
        <position>3</position>
        <new_tab>true</new_tab>
        <indent>1</indent>
      </item>
      <item identifier="gcc7cbf3a15cddb3c063ffd62685a92b3">
        <content_type>ExternalUrl</content_type>
        <workflow_state>unpublished</workflow_state>
        <title>10.3 Sexual Behavior</title>
        <identifierref>gcc7cbf3a15cddb3c063ffd62685a92b3</identifierref>
        <url>https://openstax.org/books/psychology-2e/pages/10-3-sexual-behavior</url>
        <position>4</position>
        <new_tab>true</new_tab>
        <indent>1</indent>
      </item>
      <item identifier="gc9872dc3f07a607f3ed23c20893b2b54">
        <content_type>ExternalUrl</content_type>
        <workflow_state>unpublished</workflow_state>
        <title>10.4 Emotion</title>
        <identifierref>gc9872dc3f07a607f3ed23c20893b2b54</identifierref>
        <url>https://openstax.org/books/psychology-2e/pages/10-4-emotion</url>
        <position>5</position>
        <new_tab>true</new_tab>
        <indent>1</indent>
      </item>
    </items>
  </module>
  <module identifier="gd06da6860de5a19b65a0c4571f12a603">
    <title>Chapter 11: Personality</title>
    <workflow_state>unpublished</workflow_state>
    <position>14</position>
    <require_sequential_progress>false</require_sequential_progress>
    <locked>false</locked>
    <items>
      <item identifier="gd02432a45f929e13d0d0629d528ac8ff">
        <content_type>ExternalUrl</content_type>
        <workflow_state>unpublished</workflow_state>
        <title>Introduction</title>
        <identifierref>gd02432a45f929e13d0d0629d528ac8ff</identifierref>
        <url>https://openstax.org/books/psychology-2e/pages/11-introduction</url>
        <position>1</position>
        <new_tab>true</new_tab>
        <indent>1</indent>
      </item>
      <item identifier="g0551066ea65958d04016b8fd443d03de">
        <content_type>ExternalUrl</content_type>
        <workflow_state>unpublished</workflow_state>
        <title>11.1 What Is Personality?</title>
        <identifierref>g0551066ea65958d04016b8fd443d03de</identifierref>
        <url>https://openstax.org/books/psychology-2e/pages/11-1-what-is-personality</url>
        <position>2</position>
        <new_tab>true</new_tab>
        <indent>1</indent>
      </item>
      <item identifier="gede38dd618c6dd4496721b1df9f7832e">
        <content_type>ExternalUrl</content_type>
        <workflow_state>unpublished</workflow_state>
        <title>11.2 Freud and the Psychodynamic Perspective</title>
        <identifierref>gede38dd618c6dd4496721b1df9f7832e</identifierref>
        <url>https://openstax.org/books/psychology-2e/pages/11-2-freud-and-the-psychodynamic-perspective</url>
        <position>3</position>
        <new_tab>true</new_tab>
        <indent>1</indent>
      </item>
      <item identifier="gb18be2db1d61383a8eddcfef48275a3d">
        <content_type>ExternalUrl</content_type>
        <workflow_state>unpublished</workflow_state>
        <title>11.3 Neo-Freudians: Adler, Erikson, Jung, and Horney</title>
        <identifierref>gb18be2db1d61383a8eddcfef48275a3d</identifierref>
        <url>https://openstax.org/books/psychology-2e/pages/11-3-neo-freudians-adler-erikson-jung-and-horney</url>
        <position>4</position>
        <new_tab>true</new_tab>
        <indent>1</indent>
      </item>
      <item identifier="gff346749dc3f9fb876c567476f0849d7">
        <content_type>ExternalUrl</content_type>
        <workflow_state>unpublished</workflow_state>
        <title>11.4 Learning Approaches</title>
        <identifierref>gff346749dc3f9fb876c567476f0849d7</identifierref>
        <url>https://openstax.org/books/psychology-2e/pages/11-4-learning-approaches</url>
        <position>5</position>
        <new_tab>true</new_tab>
        <indent>1</indent>
      </item>
      <item identifier="g70e202c4aee1c32c294e00c0bceda58a">
        <content_type>ExternalUrl</content_type>
        <workflow_state>unpublished</workflow_state>
        <title>11.5 Humanistic Approaches</title>
        <identifierref>g70e202c4aee1c32c294e00c0bceda58a</identifierref>
        <url>https://openstax.org/books/psychology-2e/pages/11-5-humanistic-approaches</url>
        <position>6</position>
        <new_tab>true</new_tab>
        <indent>1</indent>
      </item>
      <item identifier="g49199d48cd8acfffe38547ce533328b7">
        <content_type>ExternalUrl</content_type>
        <workflow_state>unpublished</workflow_state>
        <title>11.6 Biological Approaches</title>
        <identifierref>g49199d48cd8acfffe38547ce533328b7</identifierref>
        <url>https://openstax.org/books/psychology-2e/pages/11-6-biological-approaches</url>
        <position>7</position>
        <new_tab>true</new_tab>
        <indent>1</indent>
      </item>
      <item identifier="g3ce42dc077155d90ca5ca1bebfccdedc">
        <content_type>ExternalUrl</content_type>
        <workflow_state>unpublished</workflow_state>
        <title>11.7 Trait Theorists</title>
        <identifierref>g3ce42dc077155d90ca5ca1bebfccdedc</identifierref>
        <url>https://openstax.org/books/psychology-2e/pages/11-7-trait-theorists</url>
        <position>8</position>
        <new_tab>true</new_tab>
        <indent>1</indent>
      </item>
      <item identifier="g425c03d8e0e9c06639f39b246ab5f8c4">
        <content_type>ExternalUrl</content_type>
        <workflow_state>unpublished</workflow_state>
        <title>11.8 Cultural Understandings of Personality</title>
        <identifierref>g425c03d8e0e9c06639f39b246ab5f8c4</identifierref>
        <url>https://openstax.org/books/psychology-2e/pages/11-8-cultural-understandings-of-personality</url>
        <position>9</position>
        <new_tab>true</new_tab>
        <indent>1</indent>
      </item>
      <item identifier="gb7cd4842c01a72940e6be33ca6373c92">
        <content_type>ExternalUrl</content_type>
        <workflow_state>unpublished</workflow_state>
        <title>11.9 Personality Assessment</title>
        <identifierref>gb7cd4842c01a72940e6be33ca6373c92</identifierref>
        <url>https://openstax.org/books/psychology-2e/pages/11-9-personality-assessment</url>
        <position>10</position>
        <new_tab>true</new_tab>
        <indent>1</indent>
      </item>
    </items>
  </module>
  <module identifier="g2a2eff479e4a0bf0be1ed52cf6347f37">
    <title>Chapter 12: Social Psychology</title>
    <workflow_state>unpublished</workflow_state>
    <position>15</position>
    <require_sequential_progress>false</require_sequential_progress>
    <locked>false</locked>
    <items>
      <item identifier="g83dcbe2922678508950068510b1c18ba">
        <content_type>ExternalUrl</content_type>
        <workflow_state>unpublished</workflow_state>
        <title>Introduction</title>
        <identifierref>g83dcbe2922678508950068510b1c18ba</identifierref>
        <url>https://openstax.org/books/psychology-2e/pages/12-introduction</url>
        <position>1</position>
        <new_tab>true</new_tab>
        <indent>1</indent>
      </item>
      <item identifier="g8839277367e1ff863404213a0df6e136">
        <content_type>ExternalUrl</content_type>
        <workflow_state>unpublished</workflow_state>
        <title>12.1 What Is Social Psychology?</title>
        <identifierref>g8839277367e1ff863404213a0df6e136</identifierref>
        <url>https://openstax.org/books/psychology-2e/pages/12-1-what-is-social-psychology</url>
        <position>2</position>
        <new_tab>true</new_tab>
        <indent>1</indent>
      </item>
      <item identifier="g2caee64a980be144c085e7351578cfd7">
        <content_type>ExternalUrl</content_type>
        <workflow_state>unpublished</workflow_state>
        <title>12.2 Self-presentation</title>
        <identifierref>g2caee64a980be144c085e7351578cfd7</identifierref>
        <url>https://openstax.org/books/psychology-2e/pages/12-2-self-presentation</url>
        <position>3</position>
        <new_tab>true</new_tab>
        <indent>1</indent>
      </item>
      <item identifier="gcca0540cbf98a4b7159d6ca7d2e875c1">
        <content_type>ExternalUrl</content_type>
        <workflow_state>unpublished</workflow_state>
        <title>12.3 Attitudes and Persuasion</title>
        <identifierref>gcca0540cbf98a4b7159d6ca7d2e875c1</identifierref>
        <url>https://openstax.org/books/psychology-2e/pages/12-3-attitudes-and-persuasion</url>
        <position>4</position>
        <new_tab>true</new_tab>
        <indent>1</indent>
      </item>
      <item identifier="g9324f0cebadd963e1dad1778c6f6e28b">
        <content_type>ExternalUrl</content_type>
        <workflow_state>unpublished</workflow_state>
        <title>12.4 Conformity, Compliance, and Obedience</title>
        <identifierref>g9324f0cebadd963e1dad1778c6f6e28b</identifierref>
        <url>https://openstax.org/books/psychology-2e/pages/12-4-conformity-compliance-and-obedience</url>
        <position>5</position>
        <new_tab>true</new_tab>
        <indent>1</indent>
      </item>
      <item identifier="gc25b3efa759e9b2e89026b764bbc9ece">
        <content_type>ExternalUrl</content_type>
        <workflow_state>unpublished</workflow_state>
        <title>12.5 Prejudice and Discrimination</title>
        <identifierref>gc25b3efa759e9b2e89026b764bbc9ece</identifierref>
        <url>https://openstax.org/books/psychology-2e/pages/12-5-prejudice-and-discrimination</url>
        <position>6</position>
        <new_tab>true</new_tab>
        <indent>1</indent>
      </item>
      <item identifier="gf4b399ab26c2d1fda588b81e91b50f86">
        <content_type>ExternalUrl</content_type>
        <workflow_state>unpublished</workflow_state>
        <title>12.6 Aggression</title>
        <identifierref>gf4b399ab26c2d1fda588b81e91b50f86</identifierref>
        <url>https://openstax.org/books/psychology-2e/pages/12-6-aggression</url>
        <position>7</position>
        <new_tab>true</new_tab>
        <indent>1</indent>
      </item>
      <item identifier="g737e8b40ce615a225c2e51d00cb36be4">
        <content_type>ExternalUrl</content_type>
        <workflow_state>unpublished</workflow_state>
        <title>12.7 Prosocial Behavior</title>
        <identifierref>g737e8b40ce615a225c2e51d00cb36be4</identifierref>
        <url>https://openstax.org/books/psychology-2e/pages/12-7-prosocial-behavior</url>
        <position>8</position>
        <new_tab>true</new_tab>
        <indent>1</indent>
      </item>
    </items>
  </module>
  <module identifier="gb84927710e7cece9043714bad1c0844b">
    <title>Chapter 13: Industrial-Organizational Psychology</title>
    <workflow_state>unpublished</workflow_state>
    <position>16</position>
    <require_sequential_progress>false</require_sequential_progress>
    <locked>false</locked>
    <items>
      <item identifier="gbc96ff193165dcb203c65e8a9ee21293">
        <content_type>ExternalUrl</content_type>
        <workflow_state>unpublished</workflow_state>
        <title>Introduction</title>
        <identifierref>gbc96ff193165dcb203c65e8a9ee21293</identifierref>
        <url>https://openstax.org/books/psychology-2e/pages/13-introduction</url>
        <position>1</position>
        <new_tab>true</new_tab>
        <indent>1</indent>
      </item>
      <item identifier="g87f888f54906205ac688f4441159d4e6">
        <content_type>ExternalUrl</content_type>
        <workflow_state>unpublished</workflow_state>
        <title>13.1 What Is Industrial and Organizational Psychology?</title>
        <identifierref>g87f888f54906205ac688f4441159d4e6</identifierref>
        <url>https://openstax.org/books/psychology-2e/pages/13-1-what-is-industrial-and-organizational-psychology</url>
        <position>2</position>
        <new_tab>true</new_tab>
        <indent>1</indent>
      </item>
      <item identifier="gac724e8f204099a4bf6f8d74da6e9977">
        <content_type>ExternalUrl</content_type>
        <workflow_state>unpublished</workflow_state>
        <title>13.2 Industrial Psychology: Selecting and Evaluating Employees</title>
        <identifierref>gac724e8f204099a4bf6f8d74da6e9977</identifierref>
        <url>https://openstax.org/books/psychology-2e/pages/13-2-industrial-psychology-selecting-and-evaluating-employees</url>
        <position>3</position>
        <new_tab>true</new_tab>
        <indent>1</indent>
      </item>
      <item identifier="g558d8a90d771b4c00db4994bc78552d3">
        <content_type>ExternalUrl</content_type>
        <workflow_state>unpublished</workflow_state>
        <title>13.3 Organizational Psychology: The Social Dimension of Work</title>
        <identifierref>g558d8a90d771b4c00db4994bc78552d3</identifierref>
        <url>https://openstax.org/books/psychology-2e/pages/13-3-organizational-psychology-the-social-dimension-of-work</url>
        <position>4</position>
        <new_tab>true</new_tab>
        <indent>1</indent>
      </item>
      <item identifier="g704842c8bfa291493402b776d3163ec1">
        <content_type>ExternalUrl</content_type>
        <workflow_state>unpublished</workflow_state>
        <title>13.4 Human Factors Psychology and Workplace Design</title>
        <identifierref>g704842c8bfa291493402b776d3163ec1</identifierref>
        <url>https://openstax.org/books/psychology-2e/pages/13-4-human-factors-psychology-and-workplace-design</url>
        <position>5</position>
        <new_tab>true</new_tab>
        <indent>1</indent>
      </item>
    </items>
  </module>
  <module identifier="gdec79a3992f29065da5360b5e2f33c54">
    <title>Chapter 14:  Stress, Lifestyle, and Health</title>
    <workflow_state>unpublished</workflow_state>
    <position>17</position>
    <require_sequential_progress>false</require_sequential_progress>
    <locked>false</locked>
    <items>
      <item identifier="g9d9f903ce44d310f30599ddb6465ca9e">
        <content_type>ExternalUrl</content_type>
        <workflow_state>unpublished</workflow_state>
        <title>Introduction</title>
        <identifierref>g9d9f903ce44d310f30599ddb6465ca9e</identifierref>
        <url>https://openstax.org/books/psychology-2e/pages/14-introduction</url>
        <position>1</position>
        <new_tab>true</new_tab>
        <indent>1</indent>
      </item>
      <item identifier="gff548fbc6e3f3e02dadcb7eb3090763d">
        <content_type>ExternalUrl</content_type>
        <workflow_state>unpublished</workflow_state>
        <title>14.1 What Is Stress?</title>
        <identifierref>gff548fbc6e3f3e02dadcb7eb3090763d</identifierref>
        <url>https://openstax.org/books/psychology-2e/pages/14-1-what-is-stress</url>
        <position>2</position>
        <new_tab>true</new_tab>
        <indent>1</indent>
      </item>
      <item identifier="g19eeca11aa469d7d6b6e67cf68399a24">
        <content_type>ExternalUrl</content_type>
        <workflow_state>unpublished</workflow_state>
        <title>14.2 Stressors</title>
        <identifierref>g19eeca11aa469d7d6b6e67cf68399a24</identifierref>
        <url>https://openstax.org/books/psychology-2e/pages/14-2-stressors</url>
        <position>3</position>
        <new_tab>true</new_tab>
        <indent>1</indent>
      </item>
      <item identifier="g771e32e90622299304234e69bcfad418">
        <content_type>ExternalUrl</content_type>
        <workflow_state>unpublished</workflow_state>
        <title>14.3 Stress and Illness</title>
        <identifierref>g771e32e90622299304234e69bcfad418</identifierref>
        <url>https://openstax.org/books/psychology-2e/pages/14-3-stress-and-illness</url>
        <position>4</position>
        <new_tab>true</new_tab>
        <indent>1</indent>
      </item>
      <item identifier="g7034ae5e938a5ef2d91a22780e2b0a21">
        <content_type>ExternalUrl</content_type>
        <workflow_state>unpublished</workflow_state>
        <title>14.4 Regulation of Stress</title>
        <identifierref>g7034ae5e938a5ef2d91a22780e2b0a21</identifierref>
        <url>https://openstax.org/books/psychology-2e/pages/14-4-regulation-of-stress</url>
        <position>5</position>
        <new_tab>true</new_tab>
        <indent>1</indent>
      </item>
      <item identifier="gf97568945c6ea04a51c94f8cab53ad6b">
        <content_type>ExternalUrl</content_type>
        <workflow_state>unpublished</workflow_state>
        <title>14.5 The Pursuit of Happiness</title>
        <identifierref>gf97568945c6ea04a51c94f8cab53ad6b</identifierref>
        <url>https://openstax.org/books/psychology-2e/pages/14-5-the-pursuit-of-happiness</url>
        <position>6</position>
        <new_tab>true</new_tab>
        <indent>1</indent>
      </item>
    </items>
  </module>
  <module identifier="g577f5b13674cd173583fad8f474010ee">
    <title>Chapter 15: Psychological Disorders</title>
    <workflow_state>unpublished</workflow_state>
    <position>18</position>
    <require_sequential_progress>false</require_sequential_progress>
    <locked>false</locked>
    <items>
      <item identifier="g1c94941b7d7078a5a0fe953654d8ab3d">
        <content_type>ExternalUrl</content_type>
        <workflow_state>unpublished</workflow_state>
        <title>Introduction</title>
        <identifierref>g1c94941b7d7078a5a0fe953654d8ab3d</identifierref>
        <url>https://openstax.org/books/psychology-2e/pages/15-introduction</url>
        <position>1</position>
        <new_tab>true</new_tab>
        <indent>1</indent>
      </item>
      <item identifier="g901a1da3759e0f67507febfebf2ead9e">
        <content_type>ExternalUrl</content_type>
        <workflow_state>unpublished</workflow_state>
        <title>15.1 What Are Psychological Disorders?</title>
        <identifierref>g901a1da3759e0f67507febfebf2ead9e</identifierref>
        <url>https://openstax.org/books/psychology-2e/pages/15-1-what-are-psychological-disorders</url>
        <position>2</position>
        <new_tab>true</new_tab>
        <indent>1</indent>
      </item>
      <item identifier="g7298c596fa45ea5b746bfd7dbbe1b0de">
        <content_type>ExternalUrl</content_type>
        <workflow_state>unpublished</workflow_state>
        <title>15.2 Diagnosing and Classifying Psychological Disorders</title>
        <identifierref>g7298c596fa45ea5b746bfd7dbbe1b0de</identifierref>
        <url>https://openstax.org/books/psychology-2e/pages/15-2-diagnosing-and-classifying-psychological-disorders</url>
        <position>3</position>
        <new_tab>true</new_tab>
        <indent>1</indent>
      </item>
      <item identifier="gfa69d7e37006f469ddacfe09452ffdd3">
        <content_type>ExternalUrl</content_type>
        <workflow_state>unpublished</workflow_state>
        <title>15.3 Perspectives on Psychological Disorders</title>
        <identifierref>gfa69d7e37006f469ddacfe09452ffdd3</identifierref>
        <url>https://openstax.org/books/psychology-2e/pages/15-3-perspectives-on-psychological-disorders</url>
        <position>4</position>
        <new_tab>true</new_tab>
        <indent>1</indent>
      </item>
      <item identifier="g0cf93a0399c613b0b53bb4f56680abe0">
        <content_type>ExternalUrl</content_type>
        <workflow_state>unpublished</workflow_state>
        <title>15.4 Anxiety Disorders</title>
        <identifierref>g0cf93a0399c613b0b53bb4f56680abe0</identifierref>
        <url>https://openstax.org/books/psychology-2e/pages/15-4-anxiety-disorders</url>
        <position>5</position>
        <new_tab>true</new_tab>
        <indent>1</indent>
      </item>
      <item identifier="g924495e64488ed85a53212533f3551b8">
        <content_type>ExternalUrl</content_type>
        <workflow_state>unpublished</workflow_state>
        <title>15.5 Obsessive-Compulsive and Related Disorders</title>
        <identifierref>g924495e64488ed85a53212533f3551b8</identifierref>
        <url>https://openstax.org/books/psychology-2e/pages/15-5-obsessive-compulsive-and-related-disorders</url>
        <position>6</position>
        <new_tab>true</new_tab>
        <indent>1</indent>
      </item>
      <item identifier="gc2a031ea08c767645c114dc275fcc0e6">
        <content_type>ExternalUrl</content_type>
        <workflow_state>unpublished</workflow_state>
        <title>15.6 Posttraumatic Stress Disorder</title>
        <identifierref>gc2a031ea08c767645c114dc275fcc0e6</identifierref>
        <url>https://openstax.org/books/psychology-2e/pages/15-6-posttraumatic-stress-disorder</url>
        <position>7</position>
        <new_tab>true</new_tab>
        <indent>1</indent>
      </item>
      <item identifier="g26320a058ddb1184a2a2dc59dfa400c2">
        <content_type>ExternalUrl</content_type>
        <workflow_state>unpublished</workflow_state>
        <title>15.7 Mood Disorders</title>
        <identifierref>g26320a058ddb1184a2a2dc59dfa400c2</identifierref>
        <url>https://openstax.org/books/psychology-2e/pages/15-7-mood-disorders</url>
        <position>8</position>
        <new_tab>true</new_tab>
        <indent>1</indent>
      </item>
      <item identifier="g00e3fd50b564b125acb286eee69b8997">
        <content_type>ExternalUrl</content_type>
        <workflow_state>unpublished</workflow_state>
        <title>15.8 Schizophrenia</title>
        <identifierref>g00e3fd50b564b125acb286eee69b8997</identifierref>
        <url>https://openstax.org/books/psychology-2e/pages/15-8-schizophrenia</url>
        <position>9</position>
        <new_tab>true</new_tab>
        <indent>1</indent>
      </item>
      <item identifier="gdb2a19b2ffe6a531b61f373bd6e15d91">
        <content_type>ExternalUrl</content_type>
        <workflow_state>unpublished</workflow_state>
        <title>15.9 Dissociative Disorders</title>
        <identifierref>gdb2a19b2ffe6a531b61f373bd6e15d91</identifierref>
        <url>https://openstax.org/books/psychology-2e/pages/15-9-dissociative-disorders</url>
        <position>10</position>
        <new_tab>true</new_tab>
        <indent>1</indent>
      </item>
      <item identifier="g8a776305e0db55ae7b41bde2c9044556">
        <content_type>ExternalUrl</content_type>
        <workflow_state>unpublished</workflow_state>
        <title>15.10 Disorders in Childhood</title>
        <identifierref>g8a776305e0db55ae7b41bde2c9044556</identifierref>
        <url>https://openstax.org/books/psychology-2e/pages/15-10-disorders-in-childhood</url>
        <position>11</position>
        <new_tab>true</new_tab>
        <indent>1</indent>
      </item>
      <item identifier="g64e9e63303dc988ec5caf5cf5ef15fe9">
        <content_type>ExternalUrl</content_type>
        <workflow_state>unpublished</workflow_state>
        <title>15.11 Personality Disorders</title>
        <identifierref>g64e9e63303dc988ec5caf5cf5ef15fe9</identifierref>
        <url>https://openstax.org/books/psychology-2e/pages/15-11-personality-disorders</url>
        <position>12</position>
        <new_tab>true</new_tab>
        <indent>1</indent>
      </item>
    </items>
  </module>
  <module identifier="g307cff325d7c8f4609aa2bf96e3d5c79">
    <title>Chapter 16: Therapy and Treatment</title>
    <workflow_state>unpublished</workflow_state>
    <position>19</position>
    <require_sequential_progress>false</require_sequential_progress>
    <locked>false</locked>
    <items>
      <item identifier="gb3279fc5a16ecadd892d5057251aed91">
        <content_type>ExternalUrl</content_type>
        <workflow_state>unpublished</workflow_state>
        <title>Introduction</title>
        <identifierref>gb3279fc5a16ecadd892d5057251aed91</identifierref>
        <url>https://openstax.org/books/psychology-2e/pages/16-introduction</url>
        <position>2</position>
        <new_tab>true</new_tab>
        <indent>1</indent>
      </item>
      <item identifier="ga692d2ced75344324f380f910a5b74f1">
        <content_type>ExternalUrl</content_type>
        <workflow_state>unpublished</workflow_state>
        <title>16.1 Mental Health Treatment: Past and Present</title>
        <identifierref>ga692d2ced75344324f380f910a5b74f1</identifierref>
        <url>https://openstax.org/books/psychology-2e/pages/16-1-mental-health-treatment-past-and-present</url>
        <position>3</position>
        <new_tab>true</new_tab>
        <indent>1</indent>
      </item>
      <item identifier="g0be46ebeb4401e03f4a52ba5afad6516">
        <content_type>ExternalUrl</content_type>
        <workflow_state>unpublished</workflow_state>
        <title>16.2 Types of Treatment</title>
        <identifierref>g0be46ebeb4401e03f4a52ba5afad6516</identifierref>
        <url>https://openstax.org/books/psychology-2e/pages/16-2-types-of-treatment</url>
        <position>4</position>
        <new_tab>true</new_tab>
        <indent>1</indent>
      </item>
      <item identifier="g7f47605a07176ee2307c36a64b7b270a">
        <content_type>ExternalUrl</content_type>
        <workflow_state>unpublished</workflow_state>
        <title>16.3 Treatment Modalities</title>
        <identifierref>g7f47605a07176ee2307c36a64b7b270a</identifierref>
        <url>https://openstax.org/books/psychology-2e/pages/16-3-treatment-modalities</url>
        <position>5</position>
        <new_tab>true</new_tab>
        <indent>1</indent>
      </item>
      <item identifier="g279b5dac2b09779a8ab7287154079824">
        <content_type>ExternalUrl</content_type>
        <workflow_state>unpublished</workflow_state>
        <title>16.4 Substance-Related and Addictive Disorders: A Special Case</title>
        <identifierref>g279b5dac2b09779a8ab7287154079824</identifierref>
        <url>https://openstax.org/books/psychology-2e/pages/16-4-substance-related-and-addictive-disorders-a-special-case</url>
        <position>6</position>
        <new_tab>true</new_tab>
        <indent>1</indent>
      </item>
      <item identifier="g34d0d884b45c49b3feb3d2f4dc10bd01">
        <content_type>ExternalUrl</content_type>
        <workflow_state>unpublished</workflow_state>
        <title>16.5 The Sociocultural Model and Therapy Utilization</title>
        <identifierref>g34d0d884b45c49b3feb3d2f4dc10bd01</identifierref>
        <url>https://openstax.org/books/psychology-2e/pages/16-5-the-sociocultural-model-and-therapy-utilization</url>
        <position>7</position>
        <new_tab>true</new_tab>
        <indent>1</indent>
      </item>
    </items>
  </module>
</modules>
