<?xml version="1.0" encoding="UTF-8"?>
<questestinterop xmlns="http://www.imsglobal.org/xsd/ims_qtiasiv1p2" xmlns:xsi="http://www.w3.org/2001/XMLSchema-instance" xsi:schemaLocation="http://www.imsglobal.org/xsd/ims_qtiasiv1p2 http://www.imsglobal.org/profile/cc/ccv1p1/ccv1p1_qtiasiv1p2p1_v1p0.xsd">
  <assessment ident="gef92c3854c64bca834b9e08d1c87e164" title="Self-Assessment #2">
    <qtimetadata>
      <qtimetadatafield>
        <fieldlabel>cc_profile</fieldlabel>
        <fieldentry>cc.exam.v0p1</fieldentry>
      </qtimetadatafield>
      <qtimetadatafield>
        <fieldlabel>qmd_assessmenttype</fieldlabel>
        <fieldentry>Examination</fieldentry>
      </qtimetadatafield>
      <qtimetadatafield>
        <fieldlabel>qmd_scoretype</fieldlabel>
        <fieldentry>Percentage</fieldentry>
      </qtimetadatafield>
      <qtimetadatafield>
        <fieldlabel>cc_maxattempts</fieldlabel>
        <fieldentry>1</fieldentry>
      </qtimetadatafield>
    </qtimetadata>
    <section ident="root_section">
      <item ident="gf47b767d37e06559ff801f2d253307ba" title="Explain to friend">
        <itemmetadata>
          <qtimetadata>
            <qtimetadatafield>
              <fieldlabel>cc_profile</fieldlabel>
              <fieldentry>cc.multiple_response.v0p1</fieldentry>
            </qtimetadatafield>
          </qtimetadata>
        </itemmetadata>
        <presentation>
          <material>
            <mattext texttype="text/html">&lt;div&gt;Which of the following topics could you adequately explain to a friend? (Check all that apply.)&lt;/div&gt;</mattext>
          </material>
          <response_lid ident="response1" rcardinality="Multiple">
            <render_choice>
              <response_label ident="25960">
                <material>
                  <mattext texttype="text/plain">Relevant topic A</mattext>
                </material>
              </response_label>
              <response_label ident="14445">
                <material>
                  <mattext texttype="text/plain">Relevant topic B</mattext>
                </material>
              </response_label>
              <response_label ident="61557">
                <material>
                  <mattext texttype="text/plain">Relevant topic C</mattext>
                </material>
              </response_label>
              <response_label ident="19447">
                <material>
                  <mattext texttype="text/plain">Relevant topic D</mattext>
                </material>
              </response_label>
              <response_label ident="84935">
                <material>
                  <mattext texttype="text/plain">None of them =-(</mattext>
                </material>
              </response_label>
            </render_choice>
          </response_lid>
        </presentation>
        <resprocessing>
          <outcomes>
            <decvar maxvalue="100" minvalue="0" varname="SCORE" vartype="Decimal"/>
          </outcomes>
          <respcondition continue="No">
            <conditionvar>
              <and>
                <varequal respident="response1">25960</varequal>
                <not>
                  <varequal respident="response1">14445</varequal>
                </not>
                <not>
                  <varequal respident="response1">61557</varequal>
                </not>
                <not>
                  <varequal respident="response1">19447</varequal>
                </not>
                <not>
                  <varequal respident="response1">84935</varequal>
                </not>
              </and>
            </conditionvar>
            <setvar action="Set" varname="SCORE">100</setvar>
          </respcondition>
        </resprocessing>
      </item>
      <item ident="gf47b767d37e06559ff801f2d253307ba" title="Explanation">
        <itemmetadata>
          <qtimetadata>
            <qtimetadatafield>
              <fieldlabel>cc_profile</fieldlabel>
              <fieldentry>cc.essay.v0p1</fieldentry>
            </qtimetadatafield>
            <qtimetadatafield>
              <fieldlabel>qmd_computerscored</fieldlabel>
              <fieldentry>No</fieldentry>
            </qtimetadatafield>
          </qtimetadata>
        </itemmetadata>
        <presentation>
          <material>
            <mattext texttype="text/html">&lt;div&gt;Choose one of the topics you selected in the previous question and explain it (briefly).&lt;/div&gt;</mattext>
          </material>
          <response_str ident="response1" rcardinality="Single">
            <render_fib>
              <response_label ident="answer1" rshuffle="No"/>
            </render_fib>
          </response_str>
        </presentation>
        <resprocessing>
          <outcomes>
            <decvar maxvalue="100" minvalue="0" varname="SCORE" vartype="Decimal"/>
          </outcomes>
          <respcondition continue="No">
            <conditionvar>
              <other/>
            </conditionvar>
          </respcondition>
        </resprocessing>
      </item>
      <item ident="gf47b767d37e06559ff801f2d253307ba" title="Difficulty">
        <itemmetadata>
          <qtimetadata>
            <qtimetadatafield>
              <fieldlabel>cc_profile</fieldlabel>
              <fieldentry>cc.multiple_choice.v0p1</fieldentry>
            </qtimetadatafield>
          </qtimetadata>
        </itemmetadata>
        <presentation>
          <material>
            <mattext texttype="text/html">&lt;div&gt;Which topic, if any, are you finding the most difficult to understand?&lt;/div&gt;</mattext>
          </material>
          <response_lid ident="response1" rcardinality="Single">
            <render_choice>
              <response_label ident="64434">
                <material>
                  <mattext texttype="text/plain">Relevant topic A</mattext>
                </material>
              </response_label>
              <response_label ident="8674">
                <material>
                  <mattext texttype="text/plain">Relevant topic B</mattext>
                </material>
              </response_label>
              <response_label ident="9555">
                <material>
                  <mattext texttype="text/plain">Relevant topic C</mattext>
                </material>
              </response_label>
              <response_label ident="47466">
                <material>
                  <mattext texttype="text/plain">Relevant topic D</mattext>
                </material>
              </response_label>
              <response_label ident="57040">
                <material>
                  <mattext texttype="text/plain">All of them! =-(</mattext>
                </material>
              </response_label>
              <response_label ident="88605">
                <material>
                  <mattext texttype="text/plain">None, I'm confident I understand all the material</mattext>
                </material>
              </response_label>
            </render_choice>
          </response_lid>
        </presentation>
        <resprocessing>
          <outcomes>
            <decvar maxvalue="100" minvalue="0" varname="SCORE" vartype="Decimal"/>
          </outcomes>
          <respcondition continue="No">
            <conditionvar>
              <varequal respident="response1">64434</varequal>
            </conditionvar>
            <setvar action="Set" varname="SCORE">100</setvar>
          </respcondition>
        </resprocessing>
      </item>
      <item ident="gf47b767d37e06559ff801f2d253307ba" title="hours of study">
        <itemmetadata>
          <qtimetadata>
            <qtimetadatafield>
              <fieldlabel>cc_profile</fieldlabel>
              <fieldentry>cc.multiple_choice.v0p1</fieldentry>
            </qtimetadatafield>
          </qtimetadata>
        </itemmetadata>
        <presentation>
          <material>
            <mattext texttype="text/html">&lt;div&gt;
&lt;p&gt;On average, how many hours a week do you devote to learning the material and interacting with the course?&lt;/p&gt;
&lt;p&gt;&lt;em&gt;(Each student is different but the standard guideline is 3 hours of study/activity per each unit, so a 3-unit class would call for 9 hours per week.)&lt;/em&gt;&lt;/p&gt;
&lt;/div&gt;</mattext>
          </material>
          <response_lid ident="response1" rcardinality="Single">
            <render_choice>
              <response_label ident="54898">
                <material>
                  <mattext texttype="text/plain">9 or more</mattext>
                </material>
              </response_label>
              <response_label ident="51949">
                <material>
                  <mattext texttype="text/plain">7-9</mattext>
                </material>
              </response_label>
              <response_label ident="88470">
                <material>
                  <mattext texttype="text/plain">4-6</mattext>
                </material>
              </response_label>
              <response_label ident="23069">
                <material>
                  <mattext texttype="text/plain">1-3</mattext>
                </material>
              </response_label>
              <response_label ident="80272">
                <material>
                  <mattext texttype="text/plain">less than 1 hour</mattext>
                </material>
              </response_label>
            </render_choice>
          </response_lid>
        </presentation>
        <resprocessing>
          <outcomes>
            <decvar maxvalue="100" minvalue="0" varname="SCORE" vartype="Decimal"/>
          </outcomes>
          <respcondition continue="No">
            <conditionvar>
              <varequal respident="response1">54898</varequal>
            </conditionvar>
            <setvar action="Set" varname="SCORE">100</setvar>
          </respcondition>
        </resprocessing>
      </item>
      <item ident="gf47b767d37e06559ff801f2d253307ba" title="Improve">
        <itemmetadata>
          <qtimetadata>
            <qtimetadatafield>
              <fieldlabel>cc_profile</fieldlabel>
              <fieldentry>cc.essay.v0p1</fieldentry>
            </qtimetadatafield>
            <qtimetadatafield>
              <fieldlabel>qmd_computerscored</fieldlabel>
              <fieldentry>No</fieldentry>
            </qtimetadatafield>
          </qtimetadata>
        </itemmetadata>
        <presentation>
          <material>
            <mattext texttype="text/html">&lt;div&gt;What's one thing you could do to improve your performance in this class?&lt;/div&gt;</mattext>
          </material>
          <response_str ident="response1" rcardinality="Single">
            <render_fib>
              <response_label ident="answer1" rshuffle="No"/>
            </render_fib>
          </response_str>
        </presentation>
        <resprocessing>
          <outcomes>
            <decvar maxvalue="100" minvalue="0" varname="SCORE" vartype="Decimal"/>
          </outcomes>
          <respcondition continue="No">
            <conditionvar>
              <other/>
            </conditionvar>
          </respcondition>
        </resprocessing>
      </item>
    </section>
  </assessment>
</questestinterop>
