<?xml version="1.0" encoding="UTF-8"?>
<quiz identifier="gef92c3854c64bca834b9e08d1c87e164" xmlns="http://canvas.instructure.com/xsd/cccv1p0" xmlns:xsi="http://www.w3.org/2001/XMLSchema-instance" xsi:schemaLocation="http://canvas.instructure.com/xsd/cccv1p0 https://canvas.instructure.com/xsd/cccv1p0.xsd">
  <title>Self-Assessment #2</title>
  <description>&lt;p&gt;&lt;span style="color: #2d3b45; font-family: Verdana, Arial, Helvetica, sans-serif; font-size: 14px; font-style: normal; font-weight: normal; text-align: start; text-indent: 0px; white-space: normal; background-color: #ffffff; display: inline !important; float: none;"&gt;This self-assessment permits you to evaluate your learning of the concepts in this course thus far. You are only graded on your completion of the questions, not on your answers. &lt;/span&gt;&lt;/p&gt;</description>
  <shuffle_answers>false</shuffle_answers>
  <scoring_policy>keep_highest</scoring_policy>
  <hide_results></hide_results>
  <quiz_type>graded_survey</quiz_type>
  <points_possible>5.0</points_possible>
  <require_lockdown_browser>false</require_lockdown_browser>
  <require_lockdown_browser_for_results>false</require_lockdown_browser_for_results>
  <require_lockdown_browser_monitor>false</require_lockdown_browser_monitor>
  <lockdown_browser_monitor_data></lockdown_browser_monitor_data>
  <show_correct_answers>false</show_correct_answers>
  <anonymous_submissions>false</anonymous_submissions>
  <could_be_locked>true</could_be_locked>
  <allowed_attempts>1</allowed_attempts>
  <one_question_at_a_time>false</one_question_at_a_time>
  <cant_go_back>false</cant_go_back>
  <available>false</available>
  <one_time_results>false</one_time_results>
  <show_correct_answers_last_attempt>false</show_correct_answers_last_attempt>
  <only_visible_to_overrides>false</only_visible_to_overrides>
  <module_locked>false</module_locked>
  <assignment identifier="gea124d60d2ef20fb1687b66c4ebaf7f7">
    <title>Self-Assessment #2</title>
    <due_at/>
    <lock_at/>
    <unlock_at/>
    <module_locked>false</module_locked>
    <assignment_group_identifierref>g6cbda4d53fa8d7aa67250b2325f78663</assignment_group_identifierref>
    <workflow_state>unpublished</workflow_state>
    <assignment_overrides>
    </assignment_overrides>
    <quiz_identifierref>gef92c3854c64bca834b9e08d1c87e164</quiz_identifierref>
    <allowed_extensions></allowed_extensions>
    <has_group_category>false</has_group_category>
    <points_possible>5.0</points_possible>
    <grading_type>points</grading_type>
    <all_day>false</all_day>
    <submission_types>online_quiz</submission_types>
    <position>6</position>
    <turnitin_enabled>false</turnitin_enabled>
    <vericite_enabled>false</vericite_enabled>
    <peer_review_count>0</peer_review_count>
    <peer_reviews>false</peer_reviews>
    <automatic_peer_reviews>false</automatic_peer_reviews>
    <anonymous_peer_reviews>false</anonymous_peer_reviews>
    <grade_group_students_individually>false</grade_group_students_individually>
    <freeze_on_copy>false</freeze_on_copy>
    <omit_from_final_grade>false</omit_from_final_grade>
    <intra_group_peer_reviews>false</intra_group_peer_reviews>
    <only_visible_to_overrides>false</only_visible_to_overrides>
    <post_to_sis>false</post_to_sis>
    <moderated_grading>false</moderated_grading>
    <grader_count>0</grader_count>
    <grader_comments_visible_to_graders>true</grader_comments_visible_to_graders>
    <anonymous_grading>false</anonymous_grading>
    <graders_anonymous_to_graders>false</graders_anonymous_to_graders>
    <grader_names_visible_to_final_grader>true</grader_names_visible_to_final_grader>
    <anonymous_instructor_annotations>false</anonymous_instructor_annotations>
    <post_policy>
      <post_manually>false</post_manually>
    </post_policy>
  </assignment>
  <assignment_group_identifierref>g6cbda4d53fa8d7aa67250b2325f78663</assignment_group_identifierref>
  <assignment_overrides>
  </assignment_overrides>
</quiz>
